CFFEX,IF1201,2012-01-04,0,2353,2381,2383.8,2305,2305.6,2313.4,0,0,226897,1593426035400000,41983
CFFEX,IF1202,2012-01-04,0,2364,2389,2394.2,2316,2316.6,2325.6,0,0,3969,28038105600000,3272
CFFEX,IF1203,2012-01-04,0,2377.6,2407,2408.4,2331.8,2331.8,2341.2,0,0,2970,21102592200000,6180
CFFEX,IF1206,2012-01-04,0,2400.6,2410.8,2428.8,2352,2352,2359.6,0,0,574,4118172600000,2673
CFFEX,IF1201,2012-01-05,0,2313.4,2303.4,2327.4,2286.2,2291,2294,0,0,322309,2230679683800000,41770
CFFEX,IF1202,2012-01-05,0,2325.6,2314.6,2337,2297,2299,2303.8,0,0,6863,47687449200000,4126
CFFEX,IF1203,2012-01-05,0,2341.2,2335.2,2353.2,2311.2,2314,2318.4,0,0,4329,30283454400000,6815
CFFEX,IF1206,2012-01-05,0,2359.6,2346.6,2370,2334,2334,2339,0,0,916,6461280000000,2778
CFFEX,IF1201,2012-01-06,0,2294,2289,2300.8,2273,2297.6,2294.4,0,0,276946,1900224342000000,42667
CFFEX,IF1202,2012-01-06,0,2303.8,2297,2308.8,2282.4,2306.4,2303,0,0,5518,38019814800000,4468
CFFEX,IF1203,2012-01-06,0,2318.4,2314,2323.2,2297.4,2321.6,2318.4,0,0,2770,19205170800000,7104
CFFEX,IF1206,2012-01-06,0,2339,2338,2343.6,2318,2343.6,2340.2,0,0,455,3182545800000,2842
CFFEX,IF1201,2012-01-09,0,2294.4,2285.4,2378.2,2276.8,2376.8,2364.6,0,0,392480,2747401715400000,38533
CFFEX,IF1202,2012-01-09,0,2303,2312.4,2387.4,2286.4,2385.2,2374.6,0,0,15112,106250897400000,5573
CFFEX,IF1203,2012-01-09,0,2318.4,2325,2397,2302.8,2395.8,2385.6,0,0,5602,39637678200000,7228
CFFEX,IF1206,2012-01-09,0,2340.2,2345,2413.4,2325,2412,2405.2,0,0,801,5713933200000,2871
CFFEX,IF1201,2012-01-10,0,2364.6,2384.8,2464.8,2372,2462.6,2455.4,0,0,376838,2735124075600000,36316
CFFEX,IF1202,2012-01-10,0,2374.6,2395.8,2475,2381.4,2471.4,2463.4,0,0,19071,138988161000000,6785
CFFEX,IF1203,2012-01-10,0,2385.6,2399.6,2479.6,2391,2479,2469.2,0,0,7144,52263622800000,6750
CFFEX,IF1206,2012-01-10,0,2405.2,2422,2494.8,2410.2,2492.6,2487,0,0,1239,9138853800000,2732
CFFEX,IF1201,2012-01-11,0,2455.4,2463,2468.8,2436.4,2445.6,2453.4,0,0,297272,2186387682000000,37188
CFFEX,IF1202,2012-01-11,0,2463.4,2471.4,2478.6,2446.4,2455.2,2462.6,0,0,16215,119705983200000,8398
CFFEX,IF1203,2012-01-11,0,2469.2,2478,2483.8,2453.8,2461.2,2469,0,0,4715,34901153400000,6731
CFFEX,IF1206,2012-01-11,0,2487,2499,2499,2470.2,2481,2486,0,0,825,6153360600000,2719
CFFEX,IF1201,2012-01-12,0,2453.4,2442.4,2475,2433.4,2445.6,2449.6,0,0,323934,2381832295800000,34749
CFFEX,IF1202,2012-01-12,0,2462.6,2452,2485.8,2443.6,2454.6,2458.8,0,0,21995,162352597800000,10239
CFFEX,IF1203,2012-01-12,0,2469,2456,2489.6,2451.2,2463.8,2468.2,0,0,4443,32902881000000,6950
CFFEX,IF1206,2012-01-12,0,2486,2474.4,2507,2470,2483,2485.4,0,0,766,5713215600000,2736
CFFEX,IF1201,2012-01-13,0,2449.6,2447.6,2457,2387.6,2410.2,2411.6,0,0,333591,2420156115600000,31451
CFFEX,IF1202,2012-01-13,0,2458.8,2459,2466,2397.8,2418.8,2420.6,0,0,32196,234382495200000,12281
CFFEX,IF1203,2012-01-13,0,2468.2,2487,2487,2411.6,2426.2,2430.2,0,0,5537,40445329800000,7405
CFFEX,IF1206,2012-01-13,0,2485.4,2485.4,2491,2429.6,2446.6,2448.8,0,0,926,6823922400000,2740
CFFEX,IF1201,2012-01-16,0,2411.6,2400,2404.8,2347.6,2352,2366.6,0,0,286805,2050588400400000,27962
CFFEX,IF1202,2012-01-16,0,2420.6,2404.4,2414.2,2356.4,2359.4,2375.6,0,0,49290,353609421600000,16710
CFFEX,IF1203,2012-01-16,0,2430.2,2416.6,2425.4,2366,2369,2382.8,0,0,5028,36216868800000,7682
CFFEX,IF1206,2012-01-16,0,2448.8,2430.2,2442,2385.4,2392.8,2399.2,0,0,799,5791685400000,2856
CFFEX,IF1201,2012-01-17,0,2366.6,2361,2494,2339.8,2487.4,2478,0,0,355421,2567024029800000,19261
CFFEX,IF1202,2012-01-17,0,2375.6,2369.8,2515,2351,2512.2,2495.8,0,0,146791,1070804524200000,30702
CFFEX,IF1203,2012-01-17,0,2382.8,2382.8,2523.2,2362,2521.8,2499.8,0,0,8515,62408196000000,7163
CFFEX,IF1206,2012-01-17,0,2399.2,2394.6,2537.8,2379.6,2535.2,2513.4,0,0,1591,11753290200000,2844
CFFEX,IF1201,2012-01-18,0,2478,2485,2489.8,2411.4,2427.4,2427.2,0,0,102874,759529200600000,6578
CFFEX,IF1202,2012-01-18,0,2495.8,2505,2517.8,2428.8,2441.4,2443.6,0,0,312523,2320993793400000,36775
CFFEX,IF1203,2012-01-18,0,2499.8,2513.8,2529.4,2445,2456.8,2459,0,0,9352,69975801600000,8013
CFFEX,IF1206,2012-01-18,0,2513.4,2532,2546,2469.6,2477,2478.6,0,0,1417,10675414200000,2891
CFFEX,IF1201,2012-01-19,0,2427.2,2433.2,2493.2,2420.4,2470.2,2473.6,0,0,47997,354083804400000,2976
CFFEX,IF1202,2012-01-19,0,2443.6,2450,2515.8,2438,2488.4,2490,0,0,469912,3491456270400000,40609
CFFEX,IF1203,2012-01-19,0,2459,2467,2528.8,2455,2503.2,2505.4,0,0,11364,85017613200000,8286
CFFEX,IF1206,2012-01-19,0,2478.6,2485.6,2547.6,2477.6,2525.4,2524.6,0,0,1354,10208338200000,2893
CFFEX,IF1201,2012-01-20,0,2473.6,2470.2,2499.4,2465,2498.2,2497.92,0,0,13220,98432456400000,0
CFFEX,IF1202,2012-01-20,0,2490,2498.4,2530.8,2477,2515.8,2519.4,0,0,355346,2670555291600000,38757
CFFEX,IF1203,2012-01-20,0,2505.4,2511.4,2544.2,2493,2530,2533,0,0,8990,67960962600000,8361
CFFEX,IF1206,2012-01-20,0,2524.6,2538,2563.6,2515.6,2546.6,2553.2,0,0,1519,11590824000000,2902
CFFEX,IF1202,2012-01-30,0,2519.4,2513.4,2517.2,2465,2469.2,2471.2,0,0,306138,2284596955200000,37830
CFFEX,IF1203,2012-01-30,0,2533,2543,2543,2480.2,2484.2,2486,0,0,10736,80623429800000,9260
CFFEX,IF1206,2012-01-30,0,2553.2,2558.6,2558.6,2502.6,2507.2,2509.4,0,0,1700,12876928800000,3067
CFFEX,IF1209,2012-01-30,0,2553.2,2577,2578.4,2532.6,2537.4,2540.2,0,0,393,3006623400000,166
CFFEX,IF1202,2012-01-31,0,2471.2,2472.4,2485.6,2456.8,2476,2468.8,0,0,306569,2271567386400000,38889
CFFEX,IF1203,2012-01-31,0,2486,2486,2499.4,2472.2,2490.2,2483.4,0,0,9212,68665974000000,9940
CFFEX,IF1206,2012-01-31,0,2509.4,2513.2,2521.4,2494,2510.8,2505.6,0,0,1132,8515683600000,3195
CFFEX,IF1209,2012-01-31,0,2540.2,2541.2,2554,2519.6,2532.6,2525.2,0,0,410,3112900200000,367
CFFEX,IF1202,2012-02-01,0,2468.8,2470.6,2494.8,2428.4,2439.8,2439,0,0,325745,2405391904800000,38637
CFFEX,IF1203,2012-02-01,0,2483.4,2483.8,2506.8,2442.2,2451.8,2451,0,0,11937,88604440200000,10512
CFFEX,IF1206,2012-02-01,0,2505.6,2509,2526.2,2464.2,2471.4,2473.4,0,0,1236,9251667600000,3280
CFFEX,IF1209,2012-02-01,0,2525.2,2529,2547.2,2485,2493.2,2497,0,0,184,1388273400000,369
CFFEX,IF1202,2012-02-02,0,2439,2445,2497.4,2434.4,2487.2,2484,0,0,397302,2932104379200000,38648
CFFEX,IF1203,2012-02-02,0,2451,2453.8,2506,2447,2497,2494,0,0,15507,115057581600000,11272
CFFEX,IF1206,2012-02-02,0,2473.4,2480,2528,2470,2522.6,2515.2,0,0,1885,14110967400000,3182
CFFEX,IF1209,2012-02-02,0,2497,2504.8,2546.6,2485.4,2540.4,2533,0,0,549,4137621600000,365
CFFEX,IF1202,2012-02-03,0,2484,2488,2527.6,2474,2509,2516.6,0,0,346500,2598850215000000,38447
CFFEX,IF1203,2012-02-03,0,2494,2499.4,2534,2485,2520,2524.8,0,0,17993,135534592200000,11547
CFFEX,IF1206,2012-02-03,0,2515.2,2518.6,2553,2508,2539,2544,0,0,1471,11175669600000,3252
CFFEX,IF1209,2012-02-03,0,2533,2533.4,2568,2529,2554.4,2562.2,0,0,470,3601793400000,360
CFFEX,IF1202,2012-02-06,0,2516.6,2522.4,2533,2492.6,2504.4,2502,0,0,311996,2352416166600000,38530
CFFEX,IF1203,2012-02-06,0,2524.8,2529.6,2542.4,2504.6,2515.4,2513,0,0,17194,130215927600000,12797
CFFEX,IF1206,2012-02-06,0,2544,2550.4,2562.8,2528,2538.4,2533.8,0,0,1363,10413964200000,3337
CFFEX,IF1209,2012-02-06,0,2562.2,2571.8,2579.6,2547.8,2558.6,2554,0,0,432,3320665800000,396
CFFEX,IF1202,2012-02-07,0,2502,2502,2503.4,2442.6,2464.2,2459.6,0,0,327100,2419143045600000,34899
CFFEX,IF1203,2012-02-07,0,2513,2513,2513.4,2455.2,2474.2,2470.8,0,0,21294,158312883000000,13661
CFFEX,IF1206,2012-02-07,0,2533.8,2533.2,2536.2,2478.2,2495,2493.2,0,0,1738,13038813000000,3650
CFFEX,IF1209,2012-02-07,0,2554,2554,2556,2505,2521,2519.6,0,0,399,3021663000000,428
CFFEX,IF1202,2012-02-08,0,2459.6,2466.8,2554,2457,2536.4,2540.2,0,0,388623,2911198750200000,37218
CFFEX,IF1203,2012-02-08,0,2470.8,2476.8,2560.8,2468,2546.6,2548.2,0,0,32323,243559203000000,14569
CFFEX,IF1206,2012-02-08,0,2493.2,2502,2578.2,2490.2,2568,2568.4,0,0,1940,14764267200000,3590
CFFEX,IF1209,2012-02-08,0,2519.6,2520.2,2595.4,2515.2,2586.8,2589.2,0,0,684,5269679400000,465
CFFEX,IF1202,2012-02-09,0,2540.2,2530,2553.2,2518,2532.6,2534.2,0,0,376190,2863168673400000,33243
CFFEX,IF1203,2012-02-09,0,2548.2,2545.4,2560,2529,2542,2543.6,0,0,33814,258294600000000,15701
CFFEX,IF1206,2012-02-09,0,2568.4,2561.2,2581.4,2550,2565,2565.8,0,0,2518,19394238600000,3549
CFFEX,IF1209,2012-02-09,0,2589.2,2583.4,2599.4,2568,2590.8,2589.6,0,0,875,6794398800000,404
CFFEX,IF1202,2012-02-10,0,2534.2,2531,2572.4,2519.8,2532.2,2529.8,0,0,407415,3108291148800000,28628
CFFEX,IF1203,2012-02-10,0,2543.6,2542.6,2579.8,2531.4,2542.6,2540.6,0,0,47518,363912342600000,18275
CFFEX,IF1206,2012-02-10,0,2565.8,2560,2602.2,2553.4,2564.4,2561.4,0,0,2236,17275137000000,3639
CFFEX,IF1209,2012-02-10,0,2589.6,2583,2625.8,2579.8,2593,2589.8,0,0,645,5024930400000,448
CFFEX,IF1202,2012-02-13,0,2529.8,2517.8,2565,2501,2531,2532,0,0,361959,2752577987400000,26783
CFFEX,IF1203,2012-02-13,0,2540.6,2532.2,2573,2512.6,2542.6,2543.2,0,0,72826,555987723600000,23080
CFFEX,IF1206,2012-02-13,0,2561.4,2550,2594,2535,2566.6,2566.8,0,0,2461,18948462000000,3751
CFFEX,IF1209,2012-02-13,0,2589.8,2581,2615.8,2564.2,2592.4,2590.8,0,0,741,5762913000000,489
CFFEX,IF1202,2012-02-14,0,2532,2529,2537.6,2505.6,2519.6,2519.8,0,0,292593,2213526595800000,19648
CFFEX,IF1203,2012-02-14,0,2543.2,2540,2549.2,2518.6,2529.4,2530.6,0,0,109608,832926993600000,26904
CFFEX,IF1206,2012-02-14,0,2566.8,2562.8,2573,2544.8,2555,2554.6,0,0,1954,14993679600000,4001
CFFEX,IF1209,2012-02-14,0,2590.8,2587,2597,2574.8,2584.8,2584.6,0,0,744,5768974800000,480
CFFEX,IF1202,2012-02-15,0,2519.8,2520.4,2562.8,2515.4,2546.6,2542,0,0,106560,811729947000000,7791
CFFEX,IF1203,2012-02-15,0,2530.6,2530.2,2579.6,2526,2558.6,2554.2,0,0,318552,2441495615400000,38227
CFFEX,IF1206,2012-02-15,0,2554.6,2558,2598,2551,2582.4,2577.6,0,0,3110,24059284200000,4298
CFFEX,IF1209,2012-02-15,0,2584.6,2595.6,2621.2,2581,2609.4,2603.6,0,0,856,6684717600000,588
CFFEX,IF1202,2012-02-16,0,2542,2540.2,2552.8,2513,2533.6,2526.8,0,0,33167,252295151400000,3784
CFFEX,IF1203,2012-02-16,0,2554.2,2547,2565,2520,2544,2535.2,0,0,326007,2487837166800000,38151
CFFEX,IF1206,2012-02-16,0,2577.6,2577.6,2589,2541.4,2563.2,2555,0,0,2869,22071216000000,4453
CFFEX,IF1209,2012-02-16,0,2603.6,2598,2615,2571,2593,2581.8,0,0,530,4129984200000,668
CFFEX,IF1202,2012-02-17,0,2526.8,2545.4,2558,2522.6,2537.4,2537.66,0,0,13290,101284474200000,0
CFFEX,IF1203,2012-02-17,0,2535.2,2559.4,2573.2,2531.8,2549.8,2549.8,0,0,368700,2821524821400000,40822
CFFEX,IF1206,2012-02-17,0,2555,2575,2593.4,2556,2574,2573.4,0,0,3763,29060667600000,4759
CFFEX,IF1209,2012-02-17,0,2581.8,2602.8,2617,2584,2600.4,2601.6,0,0,577,4504847400000,741
CFFEX,IF1203,2012-02-20,0,2549.8,2579,2586,2549.4,2552.4,2553.8,0,0,299808,2307966744000000,46436
CFFEX,IF1204,2012-02-20,0,2549.8,2580.2,2593.8,2560.4,2561.6,2564.4,0,0,3561,27543746400000,958
CFFEX,IF1206,2012-02-20,0,2573.4,2601.2,2611,2576.2,2577.4,2579.4,0,0,3087,24019131600000,4919
CFFEX,IF1209,2012-02-20,0,2601.6,2626,2634.8,2603.6,2604.6,2608,0,0,548,4310320800000,714
CFFEX,IF1203,2012-02-21,0,2553.8,2557,2569.6,2525.6,2568.8,2562,0,0,366212,2802521819400000,45210
CFFEX,IF1204,2012-02-21,0,2564.4,2565.2,2579.8,2536.6,2579.8,2574.2,0,0,3358,25804837800000,1156
CFFEX,IF1206,2012-02-21,0,2579.4,2584,2594,2551.8,2593,2587.4,0,0,2462,19032352800000,4865
CFFEX,IF1209,2012-02-21,0,2608,2607.6,2617.8,2580.2,2617.4,2610.8,0,0,617,4816599000000,734
CFFEX,IF1203,2012-02-22,0,2562,2571,2606,2562.8,2595.8,2592.8,0,0,367881,2851926615600000,44195
CFFEX,IF1204,2012-02-22,0,2574.2,2581,2617,2574,2608,2603.4,0,0,5746,44780420400000,1812
CFFEX,IF1206,2012-02-22,0,2587.4,2596.8,2632.2,2589,2626,2622.4,0,0,3511,27530229600000,4998
CFFEX,IF1209,2012-02-22,0,2610.8,2617.8,2658,2615.2,2652.2,2648.6,0,0,1089,8630986800000,677
CFFEX,IF1203,2012-02-23,0,2592.8,2595,2615,2590.2,2606,2604.6,0,0,330608,2582471916600000,41308
CFFEX,IF1204,2012-02-23,0,2603.4,2604.2,2626,2602.2,2617.2,2615.8,0,0,5474,42939668400000,1823
CFFEX,IF1206,2012-02-23,0,2622.4,2624.4,2644.2,2620,2634.2,2632.8,0,0,2909,22976898000000,5138
CFFEX,IF1209,2012-02-23,0,2648.6,2651.4,2670,2650,2661.6,2659.8,0,0,369,2945083800000,712
CFFEX,IF1203,2012-02-24,0,2604.6,2616.4,2658.6,2599,2658.4,2643.2,0,0,370520,2916559263000000,41636
CFFEX,IF1204,2012-02-24,0,2615.8,2622.2,2669.8,2610,2669.8,2653,0,0,7181,56799067800000,2796
CFFEX,IF1206,2012-02-24,0,2632.8,2638.2,2687.8,2628.6,2687.8,2672.8,0,0,3862,30778230600000,5148
CFFEX,IF1209,2012-02-24,0,2659.8,2666,2713.8,2656.8,2713.8,2698.4,0,0,753,6060169800000,696
CFFEX,IF1203,2012-02-27,0,2643.2,2664.6,2702,2660.2,2669,2679.4,0,0,343970,2765098783200000,43560
CFFEX,IF1204,2012-02-27,0,2653,2677,2711.8,2672.2,2680.6,2689.4,0,0,8841,71328374400000,3571
CFFEX,IF1206,2012-02-27,0,2672.8,2693,2732.2,2688.8,2703,2710.8,0,0,3955,32148297600000,5577
CFFEX,IF1209,2012-02-27,0,2698.4,2713.8,2760.8,2713.8,2735,2736.6,0,0,794,6515383200000,912
CFFEX,IF1203,2012-02-28,0,2679.4,2671.2,2685,2655.8,2668,2676.8,0,0,330073,2644900633200000,48146
CFFEX,IF1204,2012-02-28,0,2689.4,2680.6,2696.4,2667.6,2678.4,2688,0,0,7651,61564478400000,4399
CFFEX,IF1206,2012-02-28,0,2710.8,2701,2716.8,2690.2,2699.8,2708.2,0,0,3446,27954223800000,5825
CFFEX,IF1209,2012-02-28,0,2736.6,2732,2749.6,2726,2735.2,2743.4,0,0,789,6482385000000,984
CFFEX,IF1203,2012-02-29,0,2676.8,2659.4,2673,2646,2650.8,2652,0,0,330380,2635378242000000,47967
CFFEX,IF1204,2012-02-29,0,2688,2676,2683.6,2655.8,2659.8,2660.6,0,0,6434,51507340200000,4567
CFFEX,IF1206,2012-02-29,0,2708.2,2698.8,2703,2678,2680.8,2683.2,0,0,2269,18304425000000,5927
CFFEX,IF1209,2012-02-29,0,2743.4,2729,2736,2712,2716,2716.8,0,0,451,3683692200000,1072
CFFEX,IF1203,2012-03-01,0,2652,2639,2662,2637,2639,2645.4,0,0,278974,2217837526200000,49181
CFFEX,IF1204,2012-03-01,0,2660.6,2652.8,2671.2,2643.2,2647.6,2654,0,0,5972,47617995600000,4860
CFFEX,IF1206,2012-03-01,0,2683.2,2670,2690.6,2665,2665,2669.8,0,0,2631,21124726800000,5776
CFFEX,IF1209,2012-03-01,0,2716.8,2708,2720.2,2694,2694,2700.4,0,0,859,6981144000000,989
CFFEX,IF1203,2012-03-02,0,2645.4,2645.4,2688.6,2645.4,2684.6,2679.6,0,0,352776,2823682334400000,45940
CFFEX,IF1204,2012-03-02,0,2654,2653.2,2696,2653.2,2692.2,2688.2,0,0,8471,68003013600000,5341
CFFEX,IF1206,2012-03-02,0,2669.8,2669,2712.8,2669,2710.2,2705.2,0,0,3202,25875194400000,5855
CFFEX,IF1209,2012-03-02,0,2700.4,2698.8,2740,2698.8,2738,2734,0,0,586,4787861400000,975
CFFEX,IF1203,2012-03-05,0,2679.6,2686.6,2696.6,2665.2,2668.8,2670.8,0,0,260414,2095290958200000,44396
CFFEX,IF1204,2012-03-05,0,2688.2,2688.2,2704.4,2674.4,2677.8,2679.8,0,0,7517,60685530000000,6033
CFFEX,IF1206,2012-03-05,0,2705.2,2715.2,2719.2,2692.8,2695.8,2696.8,0,0,2074,16850118000000,5714
CFFEX,IF1209,2012-03-05,0,2734,2720,2749,2720,2722.2,2725.2,0,0,277,2274529800000,985
CFFEX,IF1203,2012-03-06,0,2670.8,2665.2,2668.8,2624,2633,2633.6,0,0,313051,2479658227800000,45175
CFFEX,IF1204,2012-03-06,0,2679.8,2671.2,2677.8,2634.4,2642,2643.6,0,0,10385,82583262000000,6881
CFFEX,IF1206,2012-03-06,0,2696.8,2691,2695.8,2651,2657.2,2659.4,0,0,2688,21513798600000,5608
CFFEX,IF1209,2012-03-06,0,2725.2,2719.6,2722,2680.4,2688,2687.2,0,0,356,2875866000000,956
CFFEX,IF1203,2012-03-07,0,2633.6,2614.8,2637,2609.4,2613,2615.2,0,0,291731,2294757226800000,45109
CFFEX,IF1204,2012-03-07,0,2643.6,2619,2645,2619,2621.6,2623.8,0,0,9732,76764820200000,7523
CFFEX,IF1206,2012-03-07,0,2659.4,2632.8,2660,2632.8,2636.6,2639.4,0,0,2270,18005925600000,5571
CFFEX,IF1209,2012-03-07,0,2687.2,2669.2,2686,2663,2667.2,2669.2,0,0,529,4243466400000,976
CFFEX,IF1203,2012-03-08,0,2615.2,2620.8,2653,2618.8,2637.8,2633.8,0,0,341684,2703062839200000,42732
CFFEX,IF1204,2012-03-08,0,2623.8,2630,2661,2628.8,2647.2,2642,0,0,12112,96118838400000,8396
CFFEX,IF1206,2012-03-08,0,2639.4,2646,2676,2643.8,2662,2658,0,0,2395,19123440000000,5594
CFFEX,IF1209,2012-03-08,0,2669.2,2670.2,2704.8,2670.2,2693,2688.4,0,0,291,2347702200000,937
CFFEX,IF1203,2012-03-09,0,2633.8,2648,2667.8,2639,2665,2661.8,0,0,329139,2621643255000000,41253
CFFEX,IF1204,2012-03-09,0,2642,2656,2676,2648.8,2673.8,2671.4,0,0,15394,123053466000000,9709
CFFEX,IF1206,2012-03-09,0,2658,2677,2691,2663.4,2690.4,2686.4,0,0,2503,20112159600000,5790
CFFEX,IF1209,2012-03-09,0,2688.4,2714.2,2719,2693,2717,2713.6,0,0,676,5485693200000,1028
CFFEX,IF1203,2012-03-12,0,2661.8,2665.2,2667.4,2640.8,2647.6,2649,0,0,260531,2073839656200000,36456
CFFEX,IF1204,2012-03-12,0,2671.4,2672,2676.4,2652,2658.4,2659.2,0,0,20208,161454941400000,12950
CFFEX,IF1206,2012-03-12,0,2686.4,2692,2692,2668,2673.6,2675.6,0,0,1824,14660079000000,5789
CFFEX,IF1209,2012-03-12,0,2713.6,2711.2,2717,2697,2701.4,2702.4,0,0,606,4919080200000,1067
CFFEX,IF1203,2012-03-13,0,2649,2655,2681.2,2651.2,2676.8,2676.8,0,0,277049,2217570757800000,28468
CFFEX,IF1204,2012-03-13,0,2659.2,2660,2691.8,2660,2690.6,2688.2,0,0,50206,403449639600000,21367
CFFEX,IF1206,2012-03-13,0,2675.6,2671.6,2708,2671.6,2706.6,2704.6,0,0,2053,16599876600000,5900
CFFEX,IF1209,2012-03-13,0,2702.4,2710.6,2735.8,2706.8,2733.4,2732.2,0,0,489,3990129600000,1114
CFFEX,IF1203,2012-03-14,0,2676.8,2691,2702.8,2598,2613.8,2618.2,0,0,190387,1523736568200000,12961
CFFEX,IF1204,2012-03-14,0,2688.2,2704.4,2715.4,2610,2622,2629.2,0,0,232126,1860397891200000,37876
CFFEX,IF1206,2012-03-14,0,2704.6,2722.4,2735,2631.2,2643.6,2647.2,0,0,5466,44162467200000,6167
CFFEX,IF1209,2012-03-14,0,2732.2,2759.6,2765.8,2664,2674.4,2680.2,0,0,1730,14114811600000,1379
CFFEX,IF1203,2012-03-15,0,2618.2,2613.6,2622,2586.4,2586.8,2596.6,0,0,50397,394066597200000,7965
CFFEX,IF1204,2012-03-15,0,2629.2,2620,2631.4,2598.2,2600.4,2609.4,0,0,323390,2537966508600000,48532
CFFEX,IF1206,2012-03-15,0,2647.2,2632,2649.6,2617.2,2618.6,2626.2,0,0,5422,42856295400000,6581
CFFEX,IF1209,2012-03-15,0,2680.2,2677.2,2681.6,2650.2,2651,2659.2,0,0,1067,8539570800000,1337
CFFEX,IF1203,2012-03-16,0,2596.6,2585,2617.6,2579.2,2598.2,2597.36,0,0,19876,155052427200000,0
CFFEX,IF1204,2012-03-16,0,2609.4,2605.2,2632.8,2586,2627,2622.6,0,0,365726,2868203221200000,50080
CFFEX,IF1206,2012-03-16,0,2626.2,2629,2652.4,2608,2647,2644.6,0,0,5778,45637930200000,6905
CFFEX,IF1209,2012-03-16,0,2659.2,2660.4,2683.6,2640.4,2679.6,2674.2,0,0,1008,8055460800000,1516
CFFEX,IF1204,2012-03-19,0,2622.6,2625,2634.6,2608,2629.4,2630,0,0,282149,2220286362000000,48033
CFFEX,IF1205,2012-03-19,0,2622.6,2637,2644.6,2620,2641,2641,0,0,2063,16299273600000,655
CFFEX,IF1206,2012-03-19,0,2644.6,2646,2654.8,2631,2651,2651,0,0,3400,26971275000000,7165
CFFEX,IF1209,2012-03-19,0,2674.2,2682,2686,2662,2682,2682.2,0,0,473,3796338000000,1553
CFFEX,IF1204,2012-03-20,0,2630,2633.6,2633.8,2595,2596.2,2603.4,0,0,321056,2514682477200000,49421
CFFEX,IF1205,2012-03-20,0,2641,2638.6,2643,2606.2,2607.6,2612,0,0,2829,22243494000000,944
CFFEX,IF1206,2012-03-20,0,2651,2654,2654.8,2617.2,2618,2624.4,0,0,3614,28537921800000,7240
CFFEX,IF1209,2012-03-20,0,2682.2,2681.4,2681.6,2648,2649.4,2654,0,0,741,5923883400000,1660
CFFEX,IF1204,2012-03-21,0,2603.4,2608.2,2620,2580.2,2601.6,2597.8,0,0,360190,2809738800000000,51628
CFFEX,IF1205,2012-03-21,0,2612,2615.2,2631.4,2592,2612.2,2609.6,0,0,4334,33972497400000,1368
CFFEX,IF1206,2012-03-21,0,2624.4,2624.8,2641.4,2605,2625,2621.6,0,0,4109,32330302800000,7434
CFFEX,IF1209,2012-03-21,0,2654,2649.4,2672,2636.4,2654.8,2652.2,0,0,915,7279859400000,1733
CFFEX,IF1204,2012-03-22,0,2597.8,2599,2609.6,2580.6,2596.4,2594.8,0,0,309414,2408858509200000,51083
CFFEX,IF1205,2012-03-22,0,2609.6,2613,2620.2,2592.4,2607.6,2606.2,0,0,3790,29640208200000,1694
CFFEX,IF1206,2012-03-22,0,2621.6,2625.2,2631.8,2604.6,2618.6,2617,0,0,3978,31256617800000,7449
CFFEX,IF1209,2012-03-22,0,2652.2,2654.8,2663.4,2637,2649,2648.2,0,0,574,4562703600000,1745
CFFEX,IF1204,2012-03-23,0,2594.8,2590,2591.2,2560.8,2571,2567.4,0,0,290760,2248580382000000,53121
CFFEX,IF1205,2012-03-23,0,2606.2,2608,2608,2572,2582,2579,0,0,4152,32234659800000,1643
CFFEX,IF1206,2012-03-23,0,2617,2616,2616,2583,2593,2589,0,0,3799,29636599200000,7396
CFFEX,IF1209,2012-03-23,0,2648.2,2646.2,2646.2,2614.2,2625.4,2619.6,0,0,615,4852658400000,1851
CFFEX,IF1204,2012-03-26,0,2567.4,2568.2,2575,2558.2,2568.8,2564,0,0,193913,1493465877000000,54606
CFFEX,IF1205,2012-03-26,0,2579,2582,2585.8,2570.4,2580.8,2576,0,0,2605,20157893400000,2058
CFFEX,IF1206,2012-03-26,0,2589,2597,2597.6,2581.6,2592,2586,0,0,2525,19618392000000,7442
CFFEX,IF1209,2012-03-26,0,2619.6,2619.8,2626.2,2611.8,2620,2615.2,0,0,364,2859861000000,1859
CFFEX,IF1204,2012-03-27,0,2564,2579.6,2580.6,2560,2564.8,2566,0,0,209970,1619454223800000,55058
CFFEX,IF1205,2012-03-27,0,2576,2592.4,2592.4,2571.6,2575.2,2577.6,0,0,3681,28517028000000,2292
CFFEX,IF1206,2012-03-27,0,2586,2599.4,2603,2582,2586.8,2588,0,0,2505,19488988200000,7560
CFFEX,IF1209,2012-03-27,0,2615.2,2630.4,2631,2613,2617,2617.2,0,0,464,3651997800000,1970
CFFEX,IF1204,2012-03-28,0,2566,2558.6,2559,2484.6,2493,2494.8,0,0,294714,2231162693400000,57628
CFFEX,IF1205,2012-03-28,0,2577.6,2570.2,2571.6,2496.8,2505,2506.6,0,0,5618,42692170200000,2992
CFFEX,IF1206,2012-03-28,0,2588,2580.2,2580.4,2508,2516.2,2517.6,0,0,3835,29273530800000,7835
CFFEX,IF1209,2012-03-28,0,2617.2,2616.8,2616.8,2538.4,2545.8,2548,0,0,862,6658398000000,2021
CFFEX,IF1204,2012-03-29,0,2494.8,2482,2486,2444,2464,2467,0,0,318736,2362487142600000,54496
CFFEX,IF1205,2012-03-29,0,2506.6,2497.8,2497.8,2456.6,2475.2,2478.8,0,0,8130,60537206400000,3342
CFFEX,IF1206,2012-03-29,0,2517.6,2507,2508.8,2468,2485.6,2488.6,0,0,4988,37316218200000,7454
CFFEX,IF1209,2012-03-29,0,2548,2541,2541,2497.4,2516,2518,0,0,873,6605746800000,1986
CFFEX,IF1204,2012-03-30,0,2467,2467.2,2471.6,2450.6,2453.6,2457.4,0,0,259901,1920050941200000,51249
CFFEX,IF1205,2012-03-30,0,2478.8,2476.4,2483,2463.2,2464.4,2468.6,0,0,5000,37114167600000,3380
CFFEX,IF1206,2012-03-30,0,2488.6,2490.8,2494.8,2474.2,2477,2480.4,0,0,2683,20006214600000,7451
CFFEX,IF1209,2012-03-30,0,2518,2518,2524.2,2505.2,2506,2510.6,0,0,506,3818669400000,2057
CFFEX,IF1204,2012-04-05,0,2457.4,2440,2519,2438.8,2511.4,2513,0,0,361987,2703659101800000,47473
CFFEX,IF1205,2012-04-05,0,2468.6,2467.2,2529.2,2452,2523.2,2524.2,0,0,11968,89811753000000,5013
CFFEX,IF1206,2012-04-05,0,2480.4,2477.8,2540.4,2464.8,2533,2534.6,0,0,5071,38208367200000,7743
CFFEX,IF1209,2012-04-05,0,2510.6,2510.8,2572.6,2494.8,2564,2565.4,0,0,992,7560151800000,2245
CFFEX,IF1204,2012-04-06,0,2513,2513.8,2526,2504,2520.6,2515,0,0,283250,2137665383400000,42485
CFFEX,IF1205,2012-04-06,0,2524.2,2525,2537.2,2517.2,2532,2527,0,0,9445,71612837400000,6245
CFFEX,IF1206,2012-04-06,0,2534.6,2530.2,2546.6,2526.8,2541.6,2535.8,0,0,2879,21910069200000,7764
CFFEX,IF1209,2012-04-06,0,2565.4,2556.4,2577,2556.4,2571.6,2566.6,0,0,612,4712268000000,2316
CFFEX,IF1204,2012-04-09,0,2515,2511,2524.8,2489,2501,2502.8,0,0,326355,2455239288000000,39861
CFFEX,IF1205,2012-04-09,0,2527,2527,2535.8,2501.6,2512.4,2514,0,0,14685,110966004600000,6842
CFFEX,IF1206,2012-04-09,0,2535.8,2533.8,2545,2512,2522,2524.2,0,0,4364,33103765800000,7700
CFFEX,IF1209,2012-04-09,0,2566.6,2569.6,2573.6,2542.2,2552.8,2554.6,0,0,825,6333539400000,2314
CFFEX,IF1204,2012-04-10,0,2502.8,2498,2523.2,2460.8,2517,2508.4,0,0,395486,2953945343400000,39295
CFFEX,IF1205,2012-04-10,0,2514,2510,2534,2473.4,2528.6,2519.6,0,0,21513,161588724600000,7813
CFFEX,IF1206,2012-04-10,0,2524.2,2520.8,2544.6,2485.4,2540.4,2532.2,0,0,5301,40008430200000,8180
CFFEX,IF1209,2012-04-10,0,2554.6,2553,2573.8,2515,2569,2563.8,0,0,1146,8749864800000,2292
CFFEX,IF1204,2012-04-11,0,2508.4,2500,2545,2494,2521.4,2515.6,0,0,411222,3107861253600000,34564
CFFEX,IF1205,2012-04-11,0,2519.6,2509.8,2557.6,2504.6,2532.6,2526.6,0,0,31992,242875884000000,9682
CFFEX,IF1206,2012-04-11,0,2532.2,2521.2,2566,2516.2,2544.2,2538.6,0,0,6081,46364764200000,8392
CFFEX,IF1209,2012-04-11,0,2563.8,2551,2596.2,2545.8,2574.2,2569.8,0,0,1255,9683253000000,2585
CFFEX,IF1204,2012-04-12,0,2515.6,2525,2577,2517.2,2572.2,2566.8,0,0,371592,2836350910200000,34732
CFFEX,IF1205,2012-04-12,0,2526.6,2535,2588,2530.8,2584.8,2578.6,0,0,37409,287093901600000,12408
CFFEX,IF1206,2012-04-12,0,2538.6,2545.4,2596.4,2541,2594,2588.2,0,0,6685,51502564800000,9010
CFFEX,IF1209,2012-04-12,0,2569.8,2580.6,2623.6,2573,2620,2615.8,0,0,1441,11245768800000,2735
CFFEX,IF1204,2012-04-13,0,2566.8,2581.6,2598.8,2568.8,2586.2,2583,0,0,311243,2410450378800000,29612
CFFEX,IF1205,2012-04-13,0,2578.6,2595,2609.2,2581.2,2598.4,2595.2,0,0,48094,374240796000000,16086
CFFEX,IF1206,2012-04-13,0,2588.2,2604.6,2619.6,2592.4,2610,2607,0,0,5632,44005591800000,9524
CFFEX,IF1209,2012-04-13,0,2615.8,2630,2645,2618.8,2636.2,2636.4,0,0,1552,12254427600000,2729
CFFEX,IF1204,2012-04-16,0,2583,2571.2,2588.8,2560.2,2574.2,2580,0,0,269399,2080865655600000,25292
CFFEX,IF1205,2012-04-16,0,2595.2,2585,2599,2573.2,2586.2,2591.2,0,0,58001,450017571000000,19603
CFFEX,IF1206,2012-04-16,0,2607,2594.2,2609.6,2585.8,2595.8,2602.4,0,0,5341,41600114400000,9424
CFFEX,IF1209,2012-04-16,0,2636.4,2619,2638.4,2615,2623,2629.8,0,0,955,7521229200000,2800
CFFEX,IF1204,2012-04-17,0,2580,2578.2,2579,2546.2,2549.6,2550.2,0,0,243627,1870341785400000,19258
CFFEX,IF1205,2012-04-17,0,2591.2,2587,2591,2556.2,2557.8,2560.8,0,0,111233,857679502200000,28683
CFFEX,IF1206,2012-04-17,0,2602.4,2602.4,2602.4,2568,2570,2572.4,0,0,5278,40879914000000,9760
CFFEX,IF1209,2012-04-17,0,2629.8,2625.8,2628.4,2596.6,2598.2,2599.6,0,0,1223,9570828600000,2751
CFFEX,IF1204,2012-04-18,0,2550.2,2558,2605.8,2550.4,2593.4,2599.2,0,0,79753,616622904000000,8578
CFFEX,IF1205,2012-04-18,0,2560.8,2568.4,2618.8,2561,2608,2612.8,0,0,288568,2244435231600000,41730
CFFEX,IF1206,2012-04-18,0,2572.4,2580.2,2630,2573.2,2620,2624.2,0,0,7227,56515781400000,10911
CFFEX,IF1209,2012-04-18,0,2599.6,2608.8,2658,2602,2647.2,2652.6,0,0,1552,12245469000000,3055
CFFEX,IF1204,2012-04-19,0,2599.2,2591.6,2603.8,2584,2596,2593.2,0,0,19988,155619658800000,4002
CFFEX,IF1205,2012-04-19,0,2612.8,2609,2617.8,2596.4,2610.6,2606.8,0,0,262237,2052168348000000,45073
CFFEX,IF1206,2012-04-19,0,2624.2,2635,2635,2609.8,2622,2617.4,0,0,4789,37641555000000,11326
CFFEX,IF1209,2012-04-19,0,2652.6,2653.2,2655.6,2636.4,2649.2,2646.6,0,0,1105,8779006800000,3003
CFFEX,IF1204,2012-04-20,0,2593.2,2595.8,2621.6,2589.6,2621,2621.4,0,0,11240,87832677000000,0
CFFEX,IF1205,2012-04-20,0,2606.8,2606.8,2642,2602,2636.4,2636,0,0,333180,2621740872600000,46708
CFFEX,IF1206,2012-04-20,0,2617.4,2618.6,2652.8,2614.2,2647.6,2647.6,0,0,7106,56176818000000,11414
CFFEX,IF1209,2012-04-20,0,2646.6,2646.8,2679.6,2642.8,2675,2673.8,0,0,1458,11650816200000,3190
CFFEX,IF1205,2012-04-23,0,2636,2635.6,2638.2,2612,2619.4,2617.4,0,0,251039,1978069974600000,48438
CFFEX,IF1206,2012-04-23,0,2647.6,2647.8,2649.2,2623.8,2631.6,2628.8,0,0,6526,51634890000000,12252
CFFEX,IF1209,2012-04-23,0,2673.8,2679.4,2679.4,2651,2659.6,2656,0,0,1528,12218121600000,3442
CFFEX,IF1212,2012-04-23,0,2673.8,2692.4,2709.6,2685,2692.2,2689.4,0,0,305,2466077400000,133
CFFEX,IF1205,2012-04-24,0,2617.4,2615.2,2655.6,2571.6,2605.4,2602.8,0,0,431519,3376886894400000,44539
CFFEX,IF1206,2012-04-24,0,2628.8,2621.6,2665.4,2583.2,2616.2,2614.4,0,0,17599,138268414800000,12677
CFFEX,IF1209,2012-04-24,0,2656,2652.8,2691.8,2606.8,2645.4,2643.8,0,0,3237,25694100600000,3382
CFFEX,IF1212,2012-04-24,0,2689.4,2686.4,2727,2650,2681,2678.6,0,0,949,7628713200000,361
CFFEX,IF1205,2012-04-25,0,2602.8,2609.4,2634.6,2602.6,2628.8,2628.2,0,0,367986,2892992851200000,44959
CFFEX,IF1206,2012-04-25,0,2614.4,2616.2,2645.2,2614.4,2639.2,2639.2,0,0,11158,88090693200000,13093
CFFEX,IF1209,2012-04-25,0,2643.8,2649.6,2675,2644,2667.2,2667.2,0,0,2033,16230280800000,3560
CFFEX,IF1212,2012-04-25,0,2678.6,2682,2710,2679.8,2703.4,2703,0,0,224,1812019200000,391
CFFEX,IF1205,2012-04-26,0,2628.2,2635.2,2649.6,2621,2638.8,2640.6,0,0,305538,2416229301600000,45528
CFFEX,IF1206,2012-04-26,0,2639.2,2645.2,2659.6,2633,2650.6,2652.2,0,0,9737,77333027400000,13377
CFFEX,IF1209,2012-04-26,0,2667.2,2675.2,2687.2,2661.4,2676,2677.8,0,0,1240,9951139800000,3854
CFFEX,IF1212,2012-04-26,0,2703,2711,2720,2697.4,2711,2713,0,0,236,1917637200000,435
CFFEX,IF1205,2012-04-27,0,2640.6,2642.2,2647,2632,2638.6,2640,0,0,248923,1971154914000000,43855
CFFEX,IF1206,2012-04-27,0,2652.2,2655.8,2657,2643.4,2648.4,2650.4,0,0,8009,63683404200000,13929
CFFEX,IF1209,2012-04-27,0,2677.8,2674,2682.8,2670.4,2675,2676.6,0,0,936,7512955800000,3921
CFFEX,IF1212,2012-04-27,0,2713,2710.2,2714,2701.8,2706,2708.6,0,0,481,3907818000000,616
CFFEX,IF1205,2012-05-02,0,2640,2655.8,2702.2,2650,2686.8,2689.6,0,0,296578,2382090019800000,47635
CFFEX,IF1206,2012-05-02,0,2650.4,2666,2712,2661.6,2697,2699.6,0,0,15992,128968263000000,15125
CFFEX,IF1209,2012-05-02,0,2676.6,2686.2,2738.4,2686.2,2721,2725,0,0,1980,16115196600000,3987
CFFEX,IF1212,2012-05-02,0,2708.6,2716,2769.2,2716,2751,2754.4,0,0,490,4023495600000,652
CFFEX,IF1205,2012-05-03,0,2689.6,2685,2697.2,2684.2,2694.8,2693.4,0,0,199784,1613201485200000,46597
CFFEX,IF1206,2012-05-03,0,2699.6,2696.8,2705,2694.4,2703.2,2701.8,0,0,7722,62558338800000,15759
CFFEX,IF1209,2012-05-03,0,2725,2719.8,2730.4,2718.2,2728,2726.4,0,0,1177,9623221200000,3929
CFFEX,IF1212,2012-05-03,0,2754.4,2753,2760.6,2751.6,2754.8,2754.6,0,0,245,2024732400000,659
CFFEX,IF1205,2012-05-04,0,2693.4,2693,2717.2,2678.8,2717.2,2712.2,0,0,322228,2613388278600000,46996
CFFEX,IF1206,2012-05-04,0,2701.8,2699.8,2727,2688.8,2727,2721.8,0,0,16322,132816079800000,16753
CFFEX,IF1209,2012-05-04,0,2726.4,2724,2754.4,2714.4,2754.4,2748.4,0,0,2286,18785099400000,4173
CFFEX,IF1212,2012-05-04,0,2754.6,2753.2,2783,2747.4,2782.6,2778.8,0,0,599,4977553200000,822
CFFEX,IF1205,2012-05-07,0,2712.2,2705,2716.8,2699,2714.2,2711.2,0,0,245549,1996034283000000,47811
CFFEX,IF1206,2012-05-07,0,2721.8,2718,2725.2,2709,2723.2,2720,0,0,16570,135135460800000,18564
CFFEX,IF1209,2012-05-07,0,2748.4,2742,2753.2,2737.4,2752.4,2748,0,0,1993,16419296400000,4500
CFFEX,IF1212,2012-05-07,0,2778.8,2778.8,2784.8,2768,2784.6,2782.6,0,0,255,2125474200000,896
CFFEX,IF1205,2012-05-08,0,2711.2,2720,2726,2686.6,2702.2,2704.2,0,0,348561,2828572761000000,48071
CFFEX,IF1206,2012-05-08,0,2720,2728.2,2734.8,2697,2708.8,2711,0,0,26248,213693146400000,20939
CFFEX,IF1209,2012-05-08,0,2748,2758,2762.8,2725,2733.8,2735.8,0,0,2614,21478942800000,4717
CFFEX,IF1212,2012-05-08,0,2782.6,2790.8,2794.4,2756,2767.4,2770.6,0,0,625,5193390000000,975
CFFEX,IF1205,2012-05-09,0,2704.2,2695,2695,2660,2663.6,2665.4,0,0,289065,2318693841000000,44805
CFFEX,IF1206,2012-05-09,0,2711,2699.4,2700,2668,2670,2672.6,0,0,25826,207741127200000,21637
CFFEX,IF1209,2012-05-09,0,2735.8,2727.2,2727.2,2696.2,2697.8,2700.8,0,0,2135,17337490200000,4680
CFFEX,IF1212,2012-05-09,0,2770.6,2756.2,2756.2,2728.6,2732.8,2734.8,0,0,550,4521381600000,1063
CFFEX,IF1205,2012-05-10,0,2665.4,2664.8,2674.8,2658,2663.4,2665.2,0,0,236523,1892177113200000,44531
CFFEX,IF1206,2012-05-10,0,2672.6,2670.8,2682,2665,2670.2,2671.4,0,0,24190,194041446600000,24658
CFFEX,IF1209,2012-05-10,0,2700.8,2700.4,2711,2693.4,2698.8,2700.6,0,0,3106,25173481200000,5188
CFFEX,IF1212,2012-05-10,0,2734.8,2736.2,2744,2730,2735,2735.6,0,0,538,4414734600000,1067
CFFEX,IF1205,2012-05-11,0,2665.2,2660.2,2676.4,2628,2631.2,2642.4,0,0,303477,2415512578200000,41308
CFFEX,IF1206,2012-05-11,0,2671.4,2666.2,2679,2633.6,2636,2648,0,0,36542,291451060800000,26294
CFFEX,IF1209,2012-05-11,0,2700.6,2697,2709.6,2661.8,2662,2672.2,0,0,2880,23205286800000,5521
CFFEX,IF1212,2012-05-11,0,2735.6,2731.2,2741,2700,2703,2710,0,0,767,6253365000000,1181
CFFEX,IF1205,2012-05-14,0,2642.4,2644.6,2650.4,2582,2603.8,2619.2,0,0,321732,2539601846400000,33218
CFFEX,IF1206,2012-05-14,0,2648,2651.8,2658,2607,2607.2,2623.6,0,0,80879,639816882600000,29078
CFFEX,IF1209,2012-05-14,0,2672.2,2674,2685.2,2636.6,2636.6,2652.2,0,0,4821,38587065000000,5703
CFFEX,IF1212,2012-05-14,0,2710,2713,2720.2,2673,2673,2689,0,0,745,6043905600000,1091
CFFEX,IF1205,2012-05-15,0,2619.2,2590,2614.2,2586.2,2604.2,2606.4,0,0,179511,1400400669000000,24319
CFFEX,IF1206,2012-05-15,0,2623.6,2596.8,2619.2,2592,2612.6,2612,0,0,132281,1034330809200000,36805
CFFEX,IF1209,2012-05-15,0,2652.2,2638,2645,2622,2639,2638.8,0,0,1947,15373128000000,5866
CFFEX,IF1212,2012-05-15,0,2689,2662.6,2676,2658.6,2672.8,2670.4,0,0,245,1959312600000,1102
CFFEX,IF1205,2012-05-16,0,2606.4,2600,2605.8,2558,2563.2,2568.4,0,0,73383,569297292600000,14580
CFFEX,IF1206,2012-05-16,0,2612,2608,2613.6,2563.4,2569,2572.8,0,0,264863,2057734789800000,41371
CFFEX,IF1209,2012-05-16,0,2638.8,2632.2,2640,2590.4,2595.6,2598.6,0,0,2819,22126012800000,5878
CFFEX,IF1212,2012-05-16,0,2670.4,2669.8,2673.8,2623.2,2627,2631.4,0,0,509,4046824800000,1094
CFFEX,IF1205,2012-05-17,0,2568.4,2573,2613,2568.6,2603.2,2606.6,0,0,33434,259736292600000,7939
CFFEX,IF1206,2012-05-17,0,2572.8,2583,2620,2574.4,2607.6,2612.2,0,0,278374,2169025660200000,49318
CFFEX,IF1209,2012-05-17,0,2598.6,2608,2644.4,2595.2,2630.2,2636,0,0,3174,24952316400000,6096
CFFEX,IF1212,2012-05-17,0,2631.4,2639.6,2674.2,2633.2,2656.4,2663,0,0,804,6402799200000,1139
CFFEX,IF1205,2012-05-18,0,2606.6,2593.8,2598.2,2574.4,2576,2577.07,0,0,18801,145795072200000,0
CFFEX,IF1206,2012-05-18,0,2612.2,2594.6,2596.4,2555.6,2568.2,2563.4,0,0,319530,2468683606800000,50581
CFFEX,IF1209,2012-05-18,0,2636,2626,2626,2578.8,2590,2585,0,0,5357,41786977200000,6567
CFFEX,IF1212,2012-05-18,0,2663,2649.4,2649.4,2609,2618.4,2616.6,0,0,1306,10301973000000,1389
CFFEX,IF1206,2012-05-21,0,2563.4,2575,2603.4,2561.4,2583,2580.2,0,0,369565,2862895119600000,52149
CFFEX,IF1207,2012-05-21,0,2563.4,2579,2605.2,2566,2587.2,2583.8,0,0,7293,56585018400000,2213
CFFEX,IF1209,2012-05-21,0,2585,2592.4,2616.2,2576.6,2597.6,2595.8,0,0,4370,34040786400000,6609
CFFEX,IF1212,2012-05-21,0,2616.6,2620.2,2640.6,2603.2,2624,2623.2,0,0,834,6557097000000,1344
CFFEX,IF1206,2012-05-22,0,2580.2,2593,2611.8,2588.4,2607.6,2605.8,0,0,308016,2402547708600000,50420
CFFEX,IF1207,2012-05-22,0,2583.8,2598,2615.6,2592.6,2611.8,2611,0,0,6728,52568192400000,2703
CFFEX,IF1209,2012-05-22,0,2595.8,2605.6,2627.6,2605,2623,2622.2,0,0,2489,19531129200000,6496
CFFEX,IF1212,2012-05-22,0,2623.2,2639,2655.4,2629,2652,2649.6,0,0,550,4361497200000,1387
CFFEX,IF1206,2012-05-23,0,2605.8,2597,2615,2575,2587.8,2587.8,0,0,352343,2741992069200000,47757
CFFEX,IF1207,2012-05-23,0,2611,2602.4,2619.6,2580.2,2591.6,2592.4,0,0,7814,60940123800000,2878
CFFEX,IF1209,2012-05-23,0,2622.2,2615.2,2629.6,2592,2603,2604.8,0,0,2684,21018959400000,6588
CFFEX,IF1212,2012-05-23,0,2649.6,2639.8,2651.8,2615.8,2630.4,2631.6,0,0,578,4567942800000,1397
CFFEX,IF1206,2012-05-24,0,2587.8,2595,2608,2564.6,2582.2,2575,0,0,370230,2873278932600000,48389
CFFEX,IF1207,2012-05-24,0,2592.4,2600.8,2611.6,2568.8,2584.2,2578,0,0,8258,64167891000000,4128
CFFEX,IF1209,2012-05-24,0,2604.8,2603.2,2622.2,2580.6,2595,2589.8,0,0,2685,20963676600000,6607
CFFEX,IF1212,2012-05-24,0,2631.6,2627,2646,2611.2,2624,2618.8,0,0,691,5439522600000,1464
CFFEX,IF1206,2012-05-25,0,2575,2579.2,2585,2557.8,2565.4,2564,0,0,302870,2337363277800000,49435
CFFEX,IF1207,2012-05-25,0,2578,2586.2,2586.8,2558.4,2565.2,2564.4,0,0,8231,63529263000000,6019
CFFEX,IF1209,2012-05-25,0,2589.8,2592.6,2599,2571.8,2577.4,2575.4,0,0,2378,18444963000000,6873
CFFEX,IF1212,2012-05-25,0,2618.8,2621.2,2627.2,2596.8,2601.8,2601.4,0,0,531,4161522600000,1464
CFFEX,IF1206,2012-05-28,0,2564,2564,2602.6,2548,2598.8,2594.8,0,0,317790,2452322932200000,48536
CFFEX,IF1207,2012-05-28,0,2564.4,2568.4,2599.4,2545.2,2597,2592.2,0,0,12546,96636891600000,7969
CFFEX,IF1209,2012-05-28,0,2575.4,2573.4,2606.8,2560,2606,2601,0,0,2841,21989471400000,7150
CFFEX,IF1212,2012-05-28,0,2601.4,2598,2633.2,2585,2630.2,2627.2,0,0,668,5222748600000,1482
CFFEX,IF1206,2012-05-29,0,2594.8,2597,2656,2596.6,2645,2647.2,0,0,347247,2738360515800000,46142
CFFEX,IF1207,2012-05-29,0,2592.2,2597.2,2652.6,2595,2641.4,2641.2,0,0,17144,135093594600000,9354
CFFEX,IF1209,2012-05-29,0,2601,2606,2656.6,2602,2648.8,2647.8,0,0,4701,37108537200000,6364
CFFEX,IF1212,2012-05-29,0,2627.2,2627.2,2676,2627.2,2669.8,2671.4,0,0,1304,10391730000000,1167
CFFEX,IF1206,2012-05-30,0,2647.2,2635,2644,2628.8,2632.4,2636.4,0,0,252462,1996714308000000,44121
CFFEX,IF1207,2012-05-30,0,2641.2,2636.2,2638.8,2626,2628,2631.6,0,0,10047,79360146600000,10452
CFFEX,IF1209,2012-05-30,0,2647.8,2641.2,2648.8,2632.4,2637.8,2642.4,0,0,2235,17710862400000,6496
CFFEX,IF1212,2012-05-30,0,2671.4,2665.4,2668.8,2652.2,2660,2662.2,0,0,323,2578296600000,1163
CFFEX,IF1206,2012-05-31,0,2636.4,2621.2,2643.4,2612,2635.6,2631.8,0,0,305805,2411944249200000,44773
CFFEX,IF1207,2012-05-31,0,2631.6,2620,2636.8,2607.2,2628.8,2625.4,0,0,12903,101522448600000,11313
CFFEX,IF1209,2012-05-31,0,2642.4,2625,2644,2617.6,2637.6,2633.4,0,0,2009,15855679200000,6466
CFFEX,IF1212,2012-05-31,0,2662.2,2650.4,2662.8,2639.2,2658.6,2653,0,0,318,2528981400000,1123
CFFEX,IF1206,2012-06-01,0,2631.8,2630,2659.8,2615.2,2629.2,2626,0,0,385689,3053049968400000,41674
CFFEX,IF1207,2012-06-01,0,2625.4,2626.8,2652.2,2610.6,2623.8,2620.4,0,0,19161,151301755200000,12996
CFFEX,IF1209,2012-06-01,0,2633.4,2634.8,2659,2620,2632.8,2627.2,0,0,2624,20784512400000,6666
CFFEX,IF1212,2012-06-01,0,2653,2657.8,2678.8,2641,2654.2,2650.6,0,0,382,3051132000000,1132
CFFEX,IF1206,2012-06-04,0,2626,2600,2600,2545,2545.4,2558.2,0,0,312799,2416945180800000,39942
CFFEX,IF1207,2012-06-04,0,2620.4,2598.4,2598.4,2538.2,2539.8,2550.6,0,0,20385,157297220400000,14702
CFFEX,IF1209,2012-06-04,0,2627.2,2606,2606,2546,2546.4,2560.6,0,0,3670,28432141800000,6745
CFFEX,IF1212,2012-06-04,0,2650.6,2625.6,2625.6,2570.2,2570.2,2584.6,0,0,661,5157715200000,1260
CFFEX,IF1206,2012-06-05,0,2558.2,2555.6,2566.4,2546.2,2552.4,2551.4,0,0,281713,2160300000000000,39386
CFFEX,IF1207,2012-06-05,0,2550.6,2551.2,2559.4,2540,2543,2544.6,0,0,15562,119047083600000,16596
CFFEX,IF1209,2012-06-05,0,2560.6,2561,2567.4,2548.8,2553.2,2552.8,0,0,2173,16679982000000,6853
CFFEX,IF1212,2012-06-05,0,2584.6,2575.4,2591,2575.2,2579,2578.4,0,0,311,2409432000000,1333
CFFEX,IF1206,2012-06-06,0,2551.4,2549.8,2569.6,2540.2,2549,2547.4,0,0,359605,2758220836200000,38522
CFFEX,IF1207,2012-06-06,0,2544.6,2545,2563.6,2534.8,2542.8,2540.8,0,0,20802,159127497600000,17979
CFFEX,IF1209,2012-06-06,0,2552.8,2552,2572.6,2544,2551.6,2548.8,0,0,2973,22832352600000,6867
CFFEX,IF1212,2012-06-06,0,2578.4,2584.8,2598.6,2570.4,2578,2575.2,0,0,544,4222720800000,1506
CFFEX,IF1206,2012-06-07,0,2547.4,2570,2575.6,2521,2533.8,2530,0,0,314243,2406420108000000,38488
CFFEX,IF1207,2012-06-07,0,2540.8,2562.2,2571.8,2517.2,2527.4,2525,0,0,26624,203390326200000,19098
CFFEX,IF1209,2012-06-07,0,2548.8,2572,2578.4,2526.6,2536,2534,0,0,2933,22476579600000,6826
CFFEX,IF1212,2012-06-07,0,2575.2,2599,2606,2555,2562,2560.4,0,0,719,5561902200000,1563
CFFEX,IF1206,2012-06-08,0,2530,2545.2,2548.8,2511,2513,2517.2,0,0,401260,3044549105400000,35192
CFFEX,IF1207,2012-06-08,0,2525,2543.6,2543.6,2505,2506,2510.6,0,0,38020,287843527800000,21397
CFFEX,IF1209,2012-06-08,0,2534,2547.4,2551.2,2515,2515.2,2521,0,0,3821,29044420200000,6835
CFFEX,IF1212,2012-06-08,0,2560.4,2573.4,2577.2,2544.6,2544.6,2550.4,0,0,698,5358541200000,1733
CFFEX,IF1206,2012-06-11,0,2517.2,2535,2568.6,2520.8,2552.2,2553,0,0,342023,2610327739200000,29328
CFFEX,IF1207,2012-06-11,0,2510.6,2527.4,2557,2515,2545.8,2545.2,0,0,61811,470326417800000,25456
CFFEX,IF1209,2012-06-11,0,2521,2528.8,2565,2525,2553.6,2552.4,0,0,3096,23641522200000,7055
CFFEX,IF1212,2012-06-11,0,2550.4,2559.6,2596.4,2554.8,2584.2,2583.2,0,0,461,3563120400000,1755
CFFEX,IF1206,2012-06-12,0,2553,2534.4,2552.6,2521.6,2540.8,2532.8,0,0,273907,2081839404000000,22247
CFFEX,IF1207,2012-06-12,0,2545.2,2529.8,2539.4,2517.6,2530.4,2524.2,0,0,89621,679270120200000,29897
CFFEX,IF1209,2012-06-12,0,2552.4,2538.2,2546.6,2523.8,2537,2530.8,0,0,2736,20790925800000,7165
CFFEX,IF1212,2012-06-12,0,2583.2,2570,2578.6,2545.4,2564.8,2560,0,0,481,3697904400000,1759
CFFEX,IF1206,2012-06-13,0,2532.8,2542,2574.8,2537,2568,2568.4,0,0,130537,1001256336000000,11285
CFFEX,IF1207,2012-06-13,0,2524.2,2533.4,2568.8,2524.8,2560.4,2561.4,0,0,292325,2236127136000000,41119
CFFEX,IF1209,2012-06-13,0,2530.8,2537,2576.4,2534.2,2570,2569.6,0,0,4389,33700675200000,7438
CFFEX,IF1212,2012-06-13,0,2560,2569.8,2600.6,2560.2,2597.4,2596.4,0,0,608,4715746200000,1872
CFFEX,IF1206,2012-06-14,0,2568.4,2564,2582.4,2557,2558.8,2562.2,0,0,42578,328110827400000,5594
CFFEX,IF1207,2012-06-14,0,2561.4,2556,2576,2543,2547.4,2549.8,0,0,295965,2272849421400000,44361
CFFEX,IF1209,2012-06-14,0,2569.6,2569,2585,2553.4,2555.2,2558.6,0,0,3772,29073217800000,7513
CFFEX,IF1212,2012-06-14,0,2596.4,2592,2608,2572.6,2575.6,2577.6,0,0,584,4535292000000,1881
CFFEX,IF1206,2012-06-15,0,2562.2,2565,2579,2543.2,2556,2555.79,0,0,19285,148306378800000,0
CFFEX,IF1207,2012-06-15,0,2549.8,2555.8,2573,2531.8,2560.6,2559.8,0,0,414309,3175153727400000,45114
CFFEX,IF1209,2012-06-15,0,2558.6,2564.6,2579.6,2541,2568.4,2567.4,0,0,4254,32700801600000,7763
CFFEX,IF1212,2012-06-15,0,2577.6,2591.2,2599.6,2562,2589.2,2587.4,0,0,432,3345567000000,1882
CFFEX,IF1207,2012-06-18,0,2559.8,2579,2590.2,2565,2572.4,2571.6,0,0,363196,2805889891200000,48402
CFFEX,IF1208,2012-06-18,0,2559.8,2582.2,2593.2,2570.2,2576.6,2575.4,0,0,2970,22981606800000,723
CFFEX,IF1209,2012-06-18,0,2567.4,2580.2,2598.4,2575.4,2582.4,2581.8,0,0,3440,26675573400000,8019
CFFEX,IF1212,2012-06-18,0,2587.4,2605,2618.4,2595.8,2601.2,2601.2,0,0,645,5040874200000,1777
CFFEX,IF1207,2012-06-19,0,2571.6,2572.2,2573,2550.2,2558,2554.2,0,0,292607,2246892604800000,50132
CFFEX,IF1208,2012-06-19,0,2575.4,2574.8,2576,2555,2562,2558.4,0,0,2786,21436999200000,1127
CFFEX,IF1209,2012-06-19,0,2581.8,2582,2582.4,2562.6,2569.6,2565.4,0,0,2246,17317410600000,8115
CFFEX,IF1212,2012-06-19,0,2601.2,2600.2,2600.2,2583.2,2588,2586.2,0,0,396,3075161400000,1835
CFFEX,IF1207,2012-06-20,0,2554.2,2563.4,2569.8,2548,2549,2555.2,0,0,305212,2344474000800000,53365
CFFEX,IF1208,2012-06-20,0,2558.4,2565.2,2573.4,2551.6,2551.8,2559,0,0,4226,32503836600000,2203
CFFEX,IF1209,2012-06-20,0,2565.4,2577.4,2580.6,2561.4,2562,2566.8,0,0,2287,17647984800000,8303
CFFEX,IF1212,2012-06-20,0,2586.2,2594.6,2601.6,2583.2,2583.4,2588.6,0,0,346,2689844400000,1980
CFFEX,IF1207,2012-06-21,0,2555.2,2544.8,2545.2,2493.2,2510.8,2506.2,0,0,341378,2572632129600000,54959
CFFEX,IF1208,2012-06-21,0,2559,2548.2,2548.2,2497,2514.2,2509,0,0,4058,30609010800000,2352
CFFEX,IF1209,2012-06-21,0,2566.8,2560,2560,2505.8,2521.4,2516.6,0,0,3130,23724474600000,8237
CFFEX,IF1212,2012-06-21,0,2588.6,2579.8,2579.8,2530,2546.8,2540.6,0,0,586,4482145200000,2088
CFFEX,IF1207,2012-06-25,0,2506.2,2500.2,2506.8,2459.2,2467.6,2468.2,0,0,271087,2022707636400000,58564
CFFEX,IF1208,2012-06-25,0,2509,2504,2509.2,2462,2469.6,2472.4,0,0,4717,35197882800000,3294
CFFEX,IF1209,2012-06-25,0,2516.6,2506,2515.8,2472.6,2481.2,2480.4,0,0,2855,21391063800000,8955
CFFEX,IF1212,2012-06-25,0,2540.6,2532,2540,2498.2,2505,2505.6,0,0,635,4797335400000,2273
CFFEX,IF1207,2012-06-26,0,2468.2,2463.2,2469,2448.8,2461,2460.4,0,0,317299,2341852484400000,58898
CFFEX,IF1208,2012-06-26,0,2472.4,2463,2472.2,2452.6,2464.8,2464,0,0,4050,29925933000000,3649
CFFEX,IF1209,2012-06-26,0,2480.4,2476,2480.2,2462.4,2472.6,2472.4,0,0,2165,16052667600000,9016
CFFEX,IF1212,2012-06-26,0,2505.6,2501.2,2506,2488.6,2499.4,2497.4,0,0,312,2337792600000,2272
CFFEX,IF1207,2012-06-27,0,2460.4,2456,2475,2449.8,2454.8,2454.8,0,0,290944,2148583977000000,57732
CFFEX,IF1208,2012-06-27,0,2464,2463,2477.8,2454.6,2457.6,2458.2,0,0,4386,32431889400000,4061
CFFEX,IF1209,2012-06-27,0,2472.4,2472.6,2486.4,2463,2467,2467,0,0,2333,17315819400000,9138
CFFEX,IF1212,2012-06-27,0,2497.4,2498.8,2512.4,2488.8,2493,2492.2,0,0,588,4409599800000,2467
CFFEX,IF1207,2012-06-28,0,2454.8,2461.2,2468,2435.4,2439.4,2445.6,0,0,324209,2385863450400000,59858
CFFEX,IF1208,2012-06-28,0,2458.2,2466.6,2471,2441,2444.6,2448.4,0,0,5120,37725276600000,4019
CFFEX,IF1209,2012-06-28,0,2467,2475.2,2479.8,2450.2,2452.8,2458.2,0,0,2993,22136418000000,9555
CFFEX,IF1212,2012-06-28,0,2492.2,2500.6,2505.8,2476.4,2479.8,2484.4,0,0,418,3123159000000,2594
CFFEX,IF1207,2012-06-29,0,2445.6,2431.2,2472,2431,2469,2467.6,0,0,364747,2685198123000000,56213
CFFEX,IF1208,2012-06-29,0,2448.4,2443.8,2476,2435.8,2474,2472.2,0,0,6668,49184776800000,4272
CFFEX,IF1209,2012-06-29,0,2458.2,2452.8,2486,2446,2483.8,2482.6,0,0,2995,22201473600000,9657
CFFEX,IF1212,2012-06-29,0,2484.4,2482.6,2512.6,2472.8,2507.4,2508.6,0,0,515,3859728600000,2576
CFFEX,IF1207,2012-07-02,0,2467.6,2477,2477.8,2455.2,2464,2462.8,0,0,324752,2402411245800000,58822
CFFEX,IF1208,2012-07-02,0,2472.2,2482.8,2483,2461.8,2469.2,2468.6,0,0,7572,56172422400000,5433
CFFEX,IF1209,2012-07-02,0,2482.6,2496.2,2496.2,2471.6,2480.2,2478.8,0,0,3865,28782714000000,10234
CFFEX,IF1212,2012-07-02,0,2508.6,2518.8,2518.8,2500,2507.6,2506.4,0,0,524,3943447200000,2747
CFFEX,IF1207,2012-07-03,0,2462.8,2466.6,2499.2,2461.2,2469,2467.4,0,0,400439,2979459001800000,56974
CFFEX,IF1208,2012-07-03,0,2468.6,2471.8,2505,2467.2,2474.8,2473.2,0,0,10523,78478369200000,5970
CFFEX,IF1209,2012-07-03,0,2478.8,2482.8,2516.8,2475.6,2486.4,2484.2,0,0,6040,45243038400000,10808
CFFEX,IF1212,2012-07-03,0,2506.4,2510.4,2544.4,2506.2,2513.2,2511.4,0,0,832,6297585000000,2875
CFFEX,IF1207,2012-07-04,0,2467.4,2473,2486,2463.4,2469.6,2467.8,0,0,399476,2963155299000000,57457
CFFEX,IF1208,2012-07-04,0,2473.2,2479.6,2491.8,2471,2476.4,2475,0,0,9270,68965561800000,6326
CFFEX,IF1209,2012-07-04,0,2484.2,2488.8,2504.2,2481.6,2486,2485,0,0,4624,34559763000000,11297
CFFEX,IF1212,2012-07-04,0,2511.4,2519.4,2530.6,2510,2516,2514.4,0,0,631,4764005400000,2896
CFFEX,IF1207,2012-07-05,0,2467.8,2469.6,2469.8,2431.6,2444.8,2444.6,0,0,377809,2768313285600000,59828
CFFEX,IF1208,2012-07-05,0,2475,2472.2,2476,2439.2,2451.6,2451.4,0,0,9247,68007149400000,7039
CFFEX,IF1209,2012-07-05,0,2485,2480,2485.2,2449.2,2461.6,2460.6,0,0,5665,41804218800000,12240
CFFEX,IF1212,2012-07-05,0,2514.4,2513.8,2513.8,2478.4,2489,2490.4,0,0,839,6264481800000,3135
CFFEX,IF1207,2012-07-06,0,2444.6,2442.8,2495,2429,2479.6,2481.2,0,0,475826,3505402338600000,58312
CFFEX,IF1208,2012-07-06,0,2451.4,2456,2499.4,2435.2,2486.6,2487.6,0,0,14529,107506104000000,7930
CFFEX,IF1209,2012-07-06,0,2460.6,2464.8,2508.4,2447.6,2497,2498.8,0,0,7679,57010848600000,12866
CFFEX,IF1212,2012-07-06,0,2490.4,2491,2535.6,2477.6,2526.6,2525,0,0,784,5896803600000,3193
CFFEX,IF1207,2012-07-09,0,2481.2,2467.8,2478.8,2425.2,2430.8,2431,0,0,361963,2668304817000000,58054
CFFEX,IF1208,2012-07-09,0,2487.6,2479.8,2485.4,2433,2436.8,2437.8,0,0,18738,138456377400000,10342
CFFEX,IF1209,2012-07-09,0,2498.8,2489.8,2494.8,2443,2445.8,2447.6,0,0,7759,57563168400000,13721
CFFEX,IF1212,2012-07-09,0,2525,2506.2,2520,2470,2475.8,2476.2,0,0,1440,10796152800000,3232
CFFEX,IF1207,2012-07-10,0,2431,2427.4,2435.6,2418.2,2422.6,2422.6,0,0,334547,2434274326800000,58205
CFFEX,IF1208,2012-07-10,0,2437.8,2437.8,2441.6,2425.4,2429.4,2429.6,0,0,14714,107380158000000,11588
CFFEX,IF1209,2012-07-10,0,2447.6,2453.2,2453.2,2435,2438,2439.4,0,0,4951,36280502400000,13911
CFFEX,IF1212,2012-07-10,0,2476.2,2475.8,2479.6,2464,2468,2467.4,0,0,349,2586747600000,3271
CFFEX,IF1207,2012-07-11,0,2422.6,2415,2440,2411,2428.6,2426.4,0,0,392345,2855585614800000,56843
CFFEX,IF1208,2012-07-11,0,2429.6,2425.6,2445,2419,2435.8,2433,0,0,17957,131040878400000,12809
CFFEX,IF1209,2012-07-11,0,2439.4,2435.6,2453,2427,2444.8,2442.2,0,0,5566,40757361000000,13986
CFFEX,IF1212,2012-07-11,0,2467.4,2467,2480.2,2455,2474.4,2470.6,0,0,685,5072836800000,3347
CFFEX,IF1207,2012-07-12,0,2426.4,2427,2464.8,2412.4,2446.4,2453.2,0,0,528147,3861598947600000,51818
CFFEX,IF1208,2012-07-12,0,2433,2436.4,2471.2,2420,2453.6,2460,0,0,36054,264608778000000,14743
CFFEX,IF1209,2012-07-12,0,2442.2,2448.2,2480,2429.6,2463,2469,0,0,9232,68061673200000,14244
CFFEX,IF1212,2012-07-12,0,2470.6,2474.8,2508,2458.2,2489.8,2496.6,0,0,786,5855607000000,3334
CFFEX,IF1207,2012-07-13,0,2453.2,2448.6,2477,2446.2,2457,2455.8,0,0,417636,3077890593000000,47028
CFFEX,IF1208,2012-07-13,0,2460,2457.6,2482.8,2453.8,2464,2462.8,0,0,36257,268026658800000,16361
CFFEX,IF1209,2012-07-13,0,2469,2467.8,2492.4,2463.2,2474.6,2473.6,0,0,7940,58929190800000,14805
CFFEX,IF1212,2012-07-13,0,2496.6,2492,2519.4,2492,2503.4,2503,0,0,783,5878737600000,3499
CFFEX,IF1207,2012-07-16,0,2455.8,2462,2464.8,2413.6,2417,2416.2,0,0,347330,2531829840000000,45844
CFFEX,IF1208,2012-07-16,0,2462.8,2475,2475,2421.6,2422.8,2424.4,0,0,55625,406825389000000,25296
CFFEX,IF1209,2012-07-16,0,2473.6,2484,2484,2433.6,2434.4,2436.2,0,0,7253,53344192200000,15773
CFFEX,IF1212,2012-07-16,0,2503,2508.8,2510.8,2463.4,2464.8,2465.8,0,0,719,5352754200000,3561
CFFEX,IF1207,2012-07-17,0,2416.2,2412,2429,2409.6,2422.4,2419,0,0,269322,1953669947400000,37084
CFFEX,IF1208,2012-07-17,0,2424.4,2417.6,2434.8,2416,2429.8,2426.6,0,0,69603,506328006600000,31200
CFFEX,IF1209,2012-07-17,0,2436.2,2430.6,2444.2,2424.6,2440.2,2437,0,0,6138,44808953400000,16405
CFFEX,IF1212,2012-07-17,0,2465.8,2458,2473.4,2457,2469.4,2467,0,0,561,4148403000000,3605
CFFEX,IF1207,2012-07-18,0,2419,2418.4,2430,2380.6,2419.2,2411.4,0,0,168683,1220120516400000,23135
CFFEX,IF1208,2012-07-18,0,2426.6,2427.4,2436.2,2391.2,2427.6,2419.8,0,0,357223,2591201800200000,44031
CFFEX,IF1209,2012-07-18,0,2437,2439.6,2445,2400.6,2436.8,2427.4,0,0,11913,86672469000000,16753
CFFEX,IF1212,2012-07-18,0,2467,2472.8,2476.8,2432,2469.8,2461.2,0,0,1060,7813272600000,3788
CFFEX,IF1207,2012-07-19,0,2411.4,2423.6,2449,2414.6,2422.8,2430.2,0,0,57314,418269324000000,10878
CFFEX,IF1208,2012-07-19,0,2419.8,2429.8,2463.4,2423,2433.6,2439.6,0,0,442827,3247273327800000,52723
CFFEX,IF1209,2012-07-19,0,2427.4,2441.6,2471,2432,2442.2,2447.2,0,0,9007,66274333200000,16714
CFFEX,IF1212,2012-07-19,0,2461.2,2471,2502,2464.2,2473.8,2480.2,0,0,802,5981356800000,3891
CFFEX,IF1207,2012-07-20,0,2430.2,2425,2426.2,2400,2402.6,2402.95,0,0,21954,158902783800000,0
CFFEX,IF1208,2012-07-20,0,2439.6,2434.8,2436.4,2410,2419,2416.6,0,0,362308,2634248696400000,60270
CFFEX,IF1209,2012-07-20,0,2447.2,2445,2445.4,2420,2429,2426,0,0,8404,61338262800000,16962
CFFEX,IF1212,2012-07-20,0,2480.2,2471,2475.2,2450.4,2459.6,2456.4,0,0,867,6405555000000,4061
CFFEX,IF1208,2012-07-23,0,2416.6,2401.6,2402.6,2373.4,2378.2,2379.8,0,0,313452,2241019806600000,60091
CFFEX,IF1209,2012-07-23,0,2426,2416,2416,2385,2388,2389.8,0,0,8519,61182503400000,16655
CFFEX,IF1212,2012-07-23,0,2456.4,2443.6,2443.6,2414,2417,2418,0,0,1463,10633284000000,4126
CFFEX,IF1303,2012-07-23,0,2456.4,2472.2,2472.2,2442,2443.6,2447.6,0,0,177,1302857400000,56
CFFEX,IF1208,2012-07-24,0,2379.8,2374.8,2406.6,2371,2382.4,2385.4,0,0,372651,2669175298800000,59682
CFFEX,IF1209,2012-07-24,0,2389.8,2385.6,2414.6,2381,2391.4,2394.8,0,0,8530,61330988400000,16671
CFFEX,IF1212,2012-07-24,0,2418,2404,2442.2,2404,2422.2,2423.2,0,0,1219,8866224600000,4090
CFFEX,IF1303,2012-07-24,0,2447.6,2422.2,2467.2,2422.2,2450.4,2452,0,0,359,2639899800000,82
CFFEX,IF1208,2012-07-25,0,2385.4,2375,2397,2369.2,2374,2375.6,0,0,351569,2513148036000000,62166
CFFEX,IF1209,2012-07-25,0,2394.8,2391,2405.8,2380,2384,2384.8,0,0,8112,58211119200000,17062
CFFEX,IF1212,2012-07-25,0,2423.2,2415.2,2433.4,2409.2,2414.4,2414,0,0,918,6667780800000,4199
CFFEX,IF1303,2012-07-25,0,2452,2447.2,2462,2438.8,2445.4,2443.4,0,0,117,860301000000,88
CFFEX,IF1208,2012-07-26,0,2375.6,2372.4,2390.6,2361.6,2365,2367,0,0,385129,2745020780400000,64990
CFFEX,IF1209,2012-07-26,0,2384.8,2385,2399.8,2372.6,2375.4,2377.2,0,0,11708,83785791000000,17689
CFFEX,IF1212,2012-07-26,0,2414,2415,2430,2403,2405,2407.6,0,0,1302,9434292600000,4329
CFFEX,IF1303,2012-07-26,0,2443.4,2445,2457.8,2431.4,2433.2,2435.6,0,0,151,1107819000000,102
CFFEX,IF1208,2012-07-27,0,2367,2370.8,2380.8,2363.6,2372.2,2368.8,0,0,325456,2314824136800000,62813
CFFEX,IF1209,2012-07-27,0,2377.2,2381.2,2391.4,2375.2,2383.2,2380,0,0,9091,64959582600000,18344
CFFEX,IF1212,2012-07-27,0,2407.6,2411,2420,2406,2413,2410,0,0,997,7212597600000,4424
CFFEX,IF1303,2012-07-27,0,2435.6,2442.8,2447.4,2434,2444,2440.2,0,0,125,915253200000,139
CFFEX,IF1208,2012-07-30,0,2368.8,2373,2388,2359.4,2363.8,2364.2,0,0,336922,2398613746200000,66202
CFFEX,IF1209,2012-07-30,0,2380,2381.6,2398.8,2371.4,2375.4,2375.8,0,0,10288,73630016400000,19316
CFFEX,IF1212,2012-07-30,0,2410,2421.8,2428.2,2402.8,2407.4,2406.2,0,0,1002,7261615200000,4566
CFFEX,IF1303,2012-07-30,0,2440.2,2446,2459,2434,2435.8,2436.6,0,0,171,1255204800000,149
CFFEX,IF1208,2012-07-31,0,2364.2,2361,2376.4,2361,2363.2,2363.2,0,0,273521,1941417904200000,65249
CFFEX,IF1209,2012-07-31,0,2375.8,2375.4,2387.8,2373,2374.4,2374.6,0,0,7575,54029515800000,19407
CFFEX,IF1212,2012-07-31,0,2406.2,2404,2418.2,2404,2406.8,2405.6,0,0,651,4702989000000,4619
CFFEX,IF1303,2012-07-31,0,2436.6,2436.8,2448,2434,2434,2435.4,0,0,63,460833000000,157
CFFEX,IF1208,2012-08-01,0,2363.2,2358.4,2385,2358,2369.6,2368.4,0,0,341239,2428596247800000,64290
CFFEX,IF1209,2012-08-01,0,2374.6,2371.8,2396.2,2370,2382,2380.4,0,0,10841,77534632800000,20161
CFFEX,IF1212,2012-08-01,0,2405.6,2402.2,2425.8,2401.6,2413.4,2411.2,0,0,922,6679389600000,4685
CFFEX,IF1303,2012-08-01,0,2435.4,2434,2456,2433.2,2441.2,2440.6,0,0,139,1019196600000,177
CFFEX,IF1208,2012-08-02,0,2368.4,2369.6,2372,2337.6,2351.2,2347.8,0,0,308900,2181117392400000,65373
CFFEX,IF1209,2012-08-02,0,2380.4,2382,2383.8,2350,2363,2359.8,0,0,10989,77960267400000,21047
CFFEX,IF1212,2012-08-02,0,2411.2,2412.4,2413.8,2381.2,2394.6,2390.4,0,0,883,6348019200000,4798
CFFEX,IF1303,2012-08-02,0,2440.6,2439.2,2439.6,2412.8,2423.6,2420.8,0,0,134,974440200000,184
CFFEX,IF1208,2012-08-03,0,2347.8,2354.8,2368.8,2345.6,2367.8,2359,0,0,303837,2144891224800000,66599
CFFEX,IF1209,2012-08-03,0,2359.8,2360,2380.8,2357.6,2379.6,2371.6,0,0,12140,86158350000000,21696
CFFEX,IF1212,2012-08-03,0,2390.4,2394.2,2411.6,2389.8,2411.6,2402.2,0,0,628,4514642400000,4915
CFFEX,IF1303,2012-08-03,0,2420.8,2434,2440,2419,2440,2430,0,0,167,1215372600000,212
CFFEX,IF1208,2012-08-06,0,2359,2360.6,2393.2,2360.2,2384.4,2388.4,0,0,389607,2777319010200000,62986
CFFEX,IF1209,2012-08-06,0,2371.6,2380.2,2404.6,2372.6,2396.6,2400,0,0,18937,135678602400000,22458
CFFEX,IF1212,2012-08-06,0,2402.2,2419.4,2435.2,2403.8,2428.2,2430.8,0,0,1444,10486992600000,4933
CFFEX,IF1303,2012-08-06,0,2430,2441,2466,2433,2458,2461.6,0,0,295,2170279800000,275
CFFEX,IF1208,2012-08-07,0,2388.4,2385.4,2394.8,2385.2,2392.2,2391.2,0,0,243930,1749177681000000,58897
CFFEX,IF1209,2012-08-07,0,2400,2398,2406,2397,2403.6,2402.6,0,0,11980,86326766400000,23218
CFFEX,IF1212,2012-08-07,0,2430.8,2428.8,2438,2428.4,2436,2434.2,0,0,713,5205304200000,4967
CFFEX,IF1303,2012-08-07,0,2461.6,2462,2468,2460,2465.2,2464.6,0,0,123,909273600000,298
CFFEX,IF1208,2012-08-08,0,2391.2,2396,2409,2389.2,2391.2,2393.4,0,0,279984,2014388583600000,56170
CFFEX,IF1209,2012-08-08,0,2402.6,2406.4,2419.4,2401.2,2402.6,2405,0,0,18380,132866450400000,24454
CFFEX,IF1212,2012-08-08,0,2434.2,2439.4,2450.4,2433,2435.8,2436.6,0,0,973,7127300400000,4988
CFFEX,IF1303,2012-08-08,0,2464.6,2471,2481,2464,2466,2466.6,0,0,242,1793464200000,315
CFFEX,IF1208,2012-08-09,0,2393.4,2393.6,2421.4,2385.2,2418.2,2415.2,0,0,397185,2864162728800000,54495
CFFEX,IF1209,2012-08-09,0,2405,2404.4,2432,2396.4,2430.6,2426.8,0,0,31988,231843873600000,26187
CFFEX,IF1212,2012-08-09,0,2436.6,2435.8,2463.6,2429,2461.4,2458.4,0,0,1640,12036898800000,5193
CFFEX,IF1303,2012-08-09,0,2466.6,2467,2491,2459.4,2488.2,2485.6,0,0,354,2629878600000,344
CFFEX,IF1208,2012-08-10,0,2415.2,2419.6,2422.2,2405.4,2411.6,2409.8,0,0,246736,1785824567400000,50221
CFFEX,IF1209,2012-08-10,0,2426.8,2430,2433.6,2418,2423,2421.8,0,0,21970,159828223200000,28381
CFFEX,IF1212,2012-08-10,0,2458.4,2464.2,2465,2450,2455,2453.6,0,0,893,6583002600000,5358
CFFEX,IF1303,2012-08-10,0,2485.6,2492.8,2493.8,2478.2,2485.4,2483.6,0,0,266,1984145400000,344
CFFEX,IF1208,2012-08-13,0,2409.8,2407.2,2408.8,2365.2,2367.8,2373,0,0,261209,1870795401000000,51318
CFFEX,IF1209,2012-08-13,0,2421.8,2423.8,2423.8,2376.2,2378.2,2384.6,0,0,40350,290308399200000,33611
CFFEX,IF1212,2012-08-13,0,2453.6,2452.8,2452.8,2409.4,2413,2417,0,0,1856,13520511000000,5625
CFFEX,IF1303,2012-08-13,0,2483.6,2479,2479,2439.8,2441.2,2447.6,0,0,477,3516106800000,417
CFFEX,IF1208,2012-08-14,0,2373,2364.8,2370.6,2331.6,2357.6,2358.6,0,0,334001,2357172582600000,42509
CFFEX,IF1209,2012-08-14,0,2384.6,2378.8,2381.6,2344.2,2370.4,2370.2,0,0,87172,618306235200000,41263
CFFEX,IF1212,2012-08-14,0,2417,2412,2414,2376.6,2403,2402.6,0,0,2149,15447649800000,5894
CFFEX,IF1303,2012-08-14,0,2447.6,2440.2,2444.6,2408,2432.6,2432.2,0,0,495,3600694800000,477
CFFEX,IF1208,2012-08-15,0,2358.6,2355.4,2356.6,2335.6,2339.6,2340.4,0,0,175935,1237467985800000,29607
CFFEX,IF1209,2012-08-15,0,2370.2,2365,2368.4,2347.8,2351.8,2352.6,0,0,197333,1395084469200000,52735
CFFEX,IF1212,2012-08-15,0,2402.6,2400.6,2400.6,2382.4,2384.8,2386,0,0,2938,21064817400000,6718
CFFEX,IF1303,2012-08-15,0,2432.2,2428.2,2430.2,2413.6,2415.4,2416.8,0,0,284,2061957000000,484
CFFEX,IF1208,2012-08-16,0,2340.4,2343,2343,2327.6,2329.2,2330,0,0,46233,323906972400000,16910
CFFEX,IF1209,2012-08-16,0,2352.6,2350.8,2357.6,2341.4,2345.4,2344.8,0,0,242421,1708477875600000,65237
CFFEX,IF1212,2012-08-16,0,2386,2384.6,2391,2377.4,2379.8,2379.8,0,0,2240,16020615000000,7690
CFFEX,IF1303,2012-08-16,0,2416.8,2416.2,2420.4,2409,2413.2,2411.4,0,0,272,1969920600000,558
CFFEX,IF1208,2012-08-17,0,2330,2328.8,2330,2299.2,2303.4,2303.62,0,0,27771,192769710000000,0
CFFEX,IF1209,2012-08-17,0,2344.8,2345.6,2347,2321.8,2334,2329.8,0,0,303042,2121150479400000,78835
CFFEX,IF1212,2012-08-17,0,2379.8,2383,2383,2358,2370.8,2367.4,0,0,2940,20892483600000,8561
CFFEX,IF1303,2012-08-17,0,2411.4,2411,2411.2,2391.2,2402.6,2397,0,0,379,2730026400000,647
CFFEX,IF1209,2012-08-20,0,2329.8,2320.8,2328.8,2295.8,2316.4,2316.8,0,0,299462,2073593502000000,77911
CFFEX,IF1210,2012-08-20,0,2329.8,2335,2339.6,2308,2328.4,2329.4,0,0,3039,21155934600000,732
CFFEX,IF1212,2012-08-20,0,2367.4,2369.6,2369.6,2332.2,2352.8,2353.4,0,0,2534,17814344400000,8601
CFFEX,IF1303,2012-08-20,0,2397,2376.6,2405,2367.6,2388.4,2389.4,0,0,605,4314742800000,842
CFFEX,IF1209,2012-08-21,0,2316.8,2316.2,2350.6,2314,2323,2323.8,0,0,418647,2927835163200000,79215
CFFEX,IF1210,2012-08-21,0,2329.4,2328,2362.6,2326.6,2335,2335.8,0,0,5193,36524553000000,1489
CFFEX,IF1212,2012-08-21,0,2353.4,2350.6,2387,2349.6,2362.2,2362,0,0,3077,21858248400000,8857
CFFEX,IF1303,2012-08-21,0,2389.4,2389.6,2424.8,2389.6,2397.8,2399.6,0,0,492,3548844000000,926
CFFEX,IF1209,2012-08-22,0,2323.8,2321.6,2331.2,2302.4,2309.8,2307.4,0,0,298293,2072191053600000,78348
CFFEX,IF1210,2012-08-22,0,2335.8,2334.8,2343,2315.4,2321.8,2319.6,0,0,3309,23127441600000,1981
CFFEX,IF1212,2012-08-22,0,2362,2362.2,2368.2,2341.6,2346.4,2345.4,0,0,1640,11589470400000,8621
CFFEX,IF1303,2012-08-22,0,2399.6,2403,2406,2379,2385.2,2383.8,0,0,212,1522225200000,943
CFFEX,IF1209,2012-08-23,0,2307.4,2312.4,2331.8,2304.2,2323.6,2318.4,0,0,440746,3063509481600000,79772
CFFEX,IF1210,2012-08-23,0,2319.6,2323.2,2343.8,2317.4,2336.6,2331,0,0,6025,42122757600000,2481
CFFEX,IF1212,2012-08-23,0,2345.4,2348,2367.6,2342.4,2362.8,2357.4,0,0,2155,15222703200000,8861
CFFEX,IF1303,2012-08-23,0,2383.8,2388,2406,2380,2399.2,2395.8,0,0,500,3582779400000,946
CFFEX,IF1209,2012-08-24,0,2318.4,2316.2,2317,2293.2,2295,2295.8,0,0,307985,2127840618600000,76843
CFFEX,IF1210,2012-08-24,0,2331,2331,2331,2306,2307.2,2308.4,0,0,3295,22878781200000,2489
CFFEX,IF1212,2012-08-24,0,2357.4,2355.8,2355.8,2332,2333.6,2333.8,0,0,1539,10820272200000,8712
CFFEX,IF1303,2012-08-24,0,2395.8,2390.2,2391.6,2370.4,2371,2372.2,0,0,311,2220850200000,968
CFFEX,IF1209,2012-08-27,0,2295.8,2295.8,2297,2248.2,2249.4,2253.8,0,0,317408,2156030956800000,82660
CFFEX,IF1210,2012-08-27,0,2308.4,2308.4,2308.4,2261,2261.6,2265.2,0,0,5769,39411979200000,3183
CFFEX,IF1212,2012-08-27,0,2333.8,2333.6,2333.8,2287,2287.2,2291.8,0,0,2575,17794304400000,9037
CFFEX,IF1303,2012-08-27,0,2372.2,2373,2377,2325.8,2325.8,2329.2,0,0,414,2908408800000,1045
CFFEX,IF1209,2012-08-28,0,2253.8,2248,2269,2243.2,2248,2254,0,0,331909,2243033236200000,82277
CFFEX,IF1210,2012-08-28,0,2265.2,2261.6,2281.2,2255.6,2260.4,2265.8,0,0,6540,44470372200000,3489
CFFEX,IF1212,2012-08-28,0,2291.8,2289,2307,2280.6,2287,2291.8,0,0,2675,18389914800000,9009
CFFEX,IF1303,2012-08-28,0,2329.2,2324.4,2343.2,2318.8,2321.8,2323,0,0,482,3362727600000,962
CFFEX,IF1209,2012-08-29,0,2254,2246.6,2257.6,2230,2232.2,2234.8,0,0,370404,2490005971200000,80043
CFFEX,IF1210,2012-08-29,0,2265.8,2255.6,2269,2243,2244.8,2245.8,0,0,5816,39322753200000,3845
CFFEX,IF1212,2012-08-29,0,2291.8,2284.8,2293.6,2269,2270.2,2272.4,0,0,2244,15338911800000,8887
CFFEX,IF1303,2012-08-29,0,2323,2316.8,2325.2,2300.6,2303,2304.2,0,0,334,2316676800000,1000
CFFEX,IF1209,2012-08-30,0,2234.8,2228.6,2238.2,2208.4,2221.8,2224.8,0,0,421206,2812971838800000,79326
CFFEX,IF1210,2012-08-30,0,2245.8,2244.6,2250,2220.8,2234.2,2237.8,0,0,6815,45758263800000,4436
CFFEX,IF1212,2012-08-30,0,2272.4,2270.2,2276,2247.6,2260.6,2263.6,0,0,2361,16034353200000,9019
CFFEX,IF1303,2012-08-30,0,2304.2,2302,2308.2,2280.4,2293.8,2295.4,0,0,353,2432074800000,984
CFFEX,IF1209,2012-08-31,0,2224.8,2215,2233,2214.4,2216,2224.4,0,0,356770,2381000160600000,77719
CFFEX,IF1210,2012-08-31,0,2237.8,2228,2245.2,2228,2229,2237.6,0,0,5346,35885674200000,4873
CFFEX,IF1212,2012-08-31,0,2263.6,2255,2271.2,2254.4,2255.8,2263.2,0,0,1505,10218139800000,9099
CFFEX,IF1303,2012-08-31,0,2295.4,2290.2,2301,2287.8,2288,2294,0,0,179,1232350800000,985
CFFEX,IF1209,2012-09-03,0,2224.4,2215.6,2244.6,2202.2,2234.4,2234.8,0,0,441490,2956240312200000,76217
CFFEX,IF1210,2012-09-03,0,2237.6,2225,2257.4,2216,2247.2,2247.4,0,0,10910,73425932400000,5646
CFFEX,IF1212,2012-09-03,0,2263.2,2247,2283,2243,2272.2,2273.2,0,0,3340,22738464000000,9163
CFFEX,IF1303,2012-09-03,0,2294,2287.4,2315.2,2276.8,2306.4,2306,0,0,565,3902976600000,1020
CFFEX,IF1209,2012-09-04,0,2234.8,2232.8,2240.6,2206.2,2210.8,2211.4,0,0,325284,2171617794000000,73253
CFFEX,IF1210,2012-09-04,0,2247.4,2245.4,2253,2219.2,2224,2224.2,0,0,6050,40618163400000,6489
CFFEX,IF1212,2012-09-04,0,2273.2,2273.8,2279,2245,2248.6,2249,0,0,2112,14345436600000,9203
CFFEX,IF1303,2012-09-04,0,2306,2309,2310.4,2279.2,2282.4,2284,0,0,310,2135647800000,1002
CFFEX,IF1209,2012-09-05,0,2211.4,2208.2,2217.8,2198.8,2210,2204.8,0,0,359867,2382635725200000,71305
CFFEX,IF1210,2012-09-05,0,2224.2,2215,2230.2,2212.2,2222.4,2217.4,0,0,7351,48965911200000,6906
CFFEX,IF1212,2012-09-05,0,2249,2244.2,2254.4,2237.2,2248,2242.8,0,0,1947,13114072200000,9288
CFFEX,IF1303,2012-09-05,0,2284,2278.8,2287.4,2271.2,2281.6,2276.2,0,0,255,1742953800000,1029
CFFEX,IF1209,2012-09-06,0,2204.8,2210,2243.8,2205.4,2241.2,2225,0,0,454892,3027768882000000,72286
CFFEX,IF1210,2012-09-06,0,2217.4,2226,2256,2219,2254.2,2239.4,0,0,11391,76299447000000,7358
CFFEX,IF1212,2012-09-06,0,2242.8,2248.8,2280.2,2244.2,2278.6,2265,0,0,2052,13895658600000,9371
CFFEX,IF1303,2012-09-06,0,2276.2,2283.8,2310,2279,2309.8,2295.2,0,0,399,2741251200000,1095
CFFEX,IF1209,2012-09-07,0,2225,2248.2,2362.8,2242,2341.2,2338.2,0,0,726823,5034305655000000,71491
CFFEX,IF1210,2012-09-07,0,2239.4,2257,2373.2,2255.2,2355.2,2350.8,0,0,29061,202501250400000,9326
CFFEX,IF1212,2012-09-07,0,2265,2285,2397,2280.8,2380,2376.6,0,0,6969,48916612800000,9298
CFFEX,IF1303,2012-09-07,0,2295.2,2314.6,2430,2311.6,2414,2409.6,0,0,1187,8468151000000,1093
CFFEX,IF1209,2012-09-10,0,2338.2,2340.2,2347.8,2326.2,2337.8,2335.6,0,0,407601,2857523405400000,68090
CFFEX,IF1210,2012-09-10,0,2350.8,2353,2362.6,2340.4,2351.6,2349,0,0,26539,187238605200000,13927
CFFEX,IF1212,2012-09-10,0,2376.6,2386,2391.4,2369.6,2380.6,2378.6,0,0,4130,29496631800000,9978
CFFEX,IF1303,2012-09-10,0,2409.6,2419,2422.8,2405,2417.4,2413.8,0,0,576,4171889400000,1148
CFFEX,IF1209,2012-09-11,0,2335.6,2331.6,2332,2302.2,2323.6,2318.2,0,0,474765,3295552899600000,64204
CFFEX,IF1210,2012-09-11,0,2349,2348.4,2348.4,2316,2337.8,2332.8,0,0,36138,252401053800000,17435
CFFEX,IF1212,2012-09-11,0,2378.6,2370.8,2375,2346.4,2366.6,2361.4,0,0,4191,29640299400000,10513
CFFEX,IF1303,2012-09-11,0,2413.8,2410.2,2410.2,2385.2,2406.8,2401,0,0,621,4463509800000,1249
CFFEX,IF1209,2012-09-12,0,2318.2,2329,2353.8,2304.2,2330.4,2323.8,0,0,522774,3648402182400000,56538
CFFEX,IF1210,2012-09-12,0,2332.8,2345,2367.6,2319.2,2345.8,2338.8,0,0,58747,412665333000000,22067
CFFEX,IF1212,2012-09-12,0,2361.4,2372.4,2395.8,2347.2,2372.8,2366.2,0,0,5073,36093462000000,11076
CFFEX,IF1303,2012-09-12,0,2401,2411,2435,2386.2,2409.4,2406.2,0,0,843,6102924600000,1452
CFFEX,IF1209,2012-09-13,0,2323.8,2328.6,2336.4,2295.6,2300.8,2316.8,0,0,518900,3613054297800000,52350
CFFEX,IF1210,2012-09-13,0,2338.8,2339.2,2351,2313.2,2315.6,2331.4,0,0,70431,493552542000000,27739
CFFEX,IF1212,2012-09-13,0,2366.2,2370.6,2376.6,2339.4,2341,2355.8,0,0,3071,21758374200000,11231
CFFEX,IF1303,2012-09-13,0,2406.2,2415,2417,2380,2381.2,2393.8,0,0,556,4004167800000,1488
CFFEX,IF1209,2012-09-14,0,2316.8,2335,2354,2304.2,2329,2326.4,0,0,593678,4143386532600000,47267
CFFEX,IF1210,2012-09-14,0,2331.4,2346,2369.6,2321.6,2344.2,2342,0,0,119435,839258966400000,33264
CFFEX,IF1212,2012-09-14,0,2355.8,2377.2,2392,2348.4,2372.4,2369.6,0,0,6215,44189154600000,11707
CFFEX,IF1303,2012-09-14,0,2393.8,2421,2429,2385.2,2412.4,2408.8,0,0,924,6677260800000,1554
CFFEX,IF1209,2012-09-17,0,2326.4,2320,2323.8,2265.2,2269.4,2277.2,0,0,399679,2752008467400000,42824
CFFEX,IF1210,2012-09-17,0,2342,2343.8,2343.8,2280.6,2283,2292.6,0,0,122940,852187807200000,42892
CFFEX,IF1212,2012-09-17,0,2369.6,2371.8,2371.8,2306.8,2310.6,2315.8,0,0,5694,39873945000000,12062
CFFEX,IF1303,2012-09-17,0,2408.8,2407.8,2407.8,2344,2346,2357.6,0,0,926,6605120400000,1640
CFFEX,IF1209,2012-09-18,0,2277.2,2261.6,2263.4,2231,2232.4,2238.8,0,0,270270,1823905675800000,31694
CFFEX,IF1210,2012-09-18,0,2292.6,2274,2277,2246.8,2247,2254.4,0,0,214167,1454312109000000,51182
CFFEX,IF1212,2012-09-18,0,2315.8,2299.4,2303,2273.4,2275,2281.6,0,0,5430,37324426800000,12460
CFFEX,IF1303,2012-09-18,0,2357.6,2346,2346,2308,2310.4,2316.2,0,0,945,6591631200000,1605
CFFEX,IF1209,2012-09-19,0,2238.8,2238.6,2255,2232.6,2246.8,2245.4,0,0,109729,738071122200000,20858
CFFEX,IF1210,2012-09-19,0,2254.4,2249.4,2271.6,2247.4,2262.4,2261,0,0,369607,2503494829200000,58750
CFFEX,IF1212,2012-09-19,0,2281.6,2288,2299,2276.2,2291.8,2289.4,0,0,4306,29525418600000,13137
CFFEX,IF1303,2012-09-19,0,2316.2,2316,2337.6,2315,2330,2327.4,0,0,757,5275243800000,1726
CFFEX,IF1209,2012-09-20,0,2245.4,2245,2245.8,2189.6,2195,2200.4,0,0,65808,437690066400000,11505
CFFEX,IF1210,2012-09-20,0,2261,2258.2,2259.8,2206,2211.4,2216,0,0,442196,2959196171400000,65521
CFFEX,IF1212,2012-09-20,0,2289.4,2290.8,2290.8,2234,2237.8,2242.8,0,0,5326,36103703400000,13077
CFFEX,IF1303,2012-09-20,0,2327.4,2330.4,2330.4,2272,2276,2280.6,0,0,888,6118727400000,1862
CFFEX,IF1209,2012-09-21,0,2200.4,2193,2216,2184.2,2203.6,2203.72,0,0,34935,230761758600000,0
CFFEX,IF1210,2012-09-21,0,2216,2208.2,2233.8,2201.6,2216.4,2216.2,0,0,553935,3685294602600000,67351
CFFEX,IF1212,2012-09-21,0,2242.8,2237.8,2261.2,2228.6,2244.6,2244.8,0,0,6613,44539135800000,13498
CFFEX,IF1303,2012-09-21,0,2280.6,2273.2,2295.8,2266,2279.4,2279.4,0,0,1100,7529690400000,2035
CFFEX,IF1210,2012-09-24,0,2216.2,2200,2242.8,2185.2,2221.4,2228.8,0,0,638028,4237970278800000,69397
CFFEX,IF1211,2012-09-24,0,2216.2,2215.8,2254.2,2199.6,2232.4,2239.8,0,0,5338,35672665800000,965
CFFEX,IF1212,2012-09-24,0,2244.8,2228,2267.6,2213.2,2246.8,2254.6,0,0,7332,49268698200000,13346
CFFEX,IF1303,2012-09-24,0,2279.4,2270.2,2300,2248,2281.8,2289.2,0,0,815,5556037200000,2043
CFFEX,IF1210,2012-09-25,0,2228.8,2213,2237,2208,2218.6,2222.2,0,0,500095,3335946568800000,67218
CFFEX,IF1211,2012-09-25,0,2239.8,2232.4,2248.8,2220.6,2231.2,2234.8,0,0,4441,29789319600000,1187
CFFEX,IF1212,2012-09-25,0,2254.6,2245.6,2264.4,2235,2245,2248.8,0,0,5443,36759892800000,13569
CFFEX,IF1303,2012-09-25,0,2289.2,2274.4,2297,2272.4,2279,2281.2,0,0,471,3228459000000,2039
CFFEX,IF1210,2012-09-26,0,2222.2,2210.2,2229.2,2192.6,2200.2,2198,0,0,470419,3117093352200000,67521
CFFEX,IF1211,2012-09-26,0,2234.8,2225,2241,2205.2,2212.8,2210.2,0,0,4015,26757423600000,1291
CFFEX,IF1212,2012-09-26,0,2248.8,2239,2255,2220,2226.6,2224.8,0,0,4772,31995454200000,13415
CFFEX,IF1303,2012-09-26,0,2281.2,2277.6,2289,2253.8,2258.2,2257.8,0,0,495,3372108600000,2042
CFFEX,IF1210,2012-09-27,0,2198,2198,2320,2197.8,2257.2,2264,0,0,732595,4931629545600000,69799
CFFEX,IF1211,2012-09-27,0,2210.2,2205,2329.4,2205,2269,2276.4,0,0,10147,68867125200000,1942
CFFEX,IF1212,2012-09-27,0,2224.8,2223.8,2342,2222.6,2285.2,2291.6,0,0,11943,81701643000000,13404
CFFEX,IF1303,2012-09-27,0,2257.8,2250,2373.4,2250,2320.2,2329.2,0,0,1784,12403008600000,2069
CFFEX,IF1210,2012-09-28,0,2264,2250,2316.4,2240.6,2315.6,2303,0,0,726322,4966012404000000,61433
CFFEX,IF1211,2012-09-28,0,2276.4,2267.4,2329.6,2253.2,2329.6,2318.8,0,0,11814,81270632400000,2959
CFFEX,IF1212,2012-09-28,0,2291.6,2278.8,2345,2269,2344.8,2332.6,0,0,13470,93374895000000,13909
CFFEX,IF1303,2012-09-28,0,2329.2,2320,2384.2,2305,2384.2,2373,0,0,1350,9511341600000,2194
CFFEX,IF1210,2012-10-08,0,2303,2306.4,2313.6,2262,2276.6,2271,0,0,449036,3077086216800000,60366
CFFEX,IF1211,2012-10-08,0,2318.8,2328.8,2328.8,2276.6,2289,2284.2,0,0,16052,110790705000000,5619
CFFEX,IF1212,2012-10-08,0,2332.6,2344.4,2344.4,2289,2302.8,2297.4,0,0,9974,69256002000000,14559
CFFEX,IF1303,2012-10-08,0,2373,2380,2384.2,2325,2340.2,2335,0,0,1194,8413122000000,2235
CFFEX,IF1210,2012-10-09,0,2271,2283.2,2345,2280.6,2323.8,2325.6,0,0,687674,4793562783600000,65632
CFFEX,IF1211,2012-10-09,0,2284.2,2290.2,2357.2,2290.2,2337,2339,0,0,27393,191958309000000,7249
CFFEX,IF1212,2012-10-09,0,2297.4,2307,2370.6,2307,2353,2354.4,0,0,14382,101365249800000,15020
CFFEX,IF1303,2012-10-09,0,2335,2351.8,2404.2,2345.4,2386.2,2387.4,0,0,1471,10504000200000,2206
CFFEX,IF1210,2012-10-10,0,2325.6,2313.4,2333.6,2310.2,2321.4,2327,0,0,502021,3499208371800000,63354
CFFEX,IF1211,2012-10-10,0,2339,2330,2346.8,2323.8,2335,2340.2,0,0,15137,106107777000000,8009
CFFEX,IF1212,2012-10-10,0,2354.4,2346.2,2362.2,2340.2,2351.6,2355.6,0,0,8096,57129823200000,15393
CFFEX,IF1303,2012-10-10,0,2387.4,2370,2397.4,2370,2388,2392.2,0,0,611,4376565000000,2253
CFFEX,IF1210,2012-10-11,0,2327,2320.4,2328,2305.4,2320,2313.4,0,0,504115,3503391148800000,61828
CFFEX,IF1211,2012-10-11,0,2340.2,2335.2,2341.2,2320.2,2331.6,2326,0,0,19896,139080495600000,10421
CFFEX,IF1212,2012-10-11,0,2355.6,2348,2357,2335.2,2345.2,2340.4,0,0,10003,70369464000000,15746
CFFEX,IF1303,2012-10-11,0,2392.2,2385,2392,2372,2379.6,2378.6,0,0,776,5545194600000,2261
CFFEX,IF1210,2012-10-12,0,2313.4,2318.2,2343.6,2288.6,2307.2,2308.6,0,0,616579,4280448509400000,57024
CFFEX,IF1211,2012-10-12,0,2326,2330,2354.8,2303.2,2318.6,2320.8,0,0,31500,219905666400000,12173
CFFEX,IF1212,2012-10-12,0,2340.4,2346.4,2369.4,2318.4,2335,2336.4,0,0,13026,91556698200000,15908
CFFEX,IF1303,2012-10-12,0,2378.6,2379.6,2403.2,2355.2,2372.2,2371.8,0,0,1496,10674840600000,2267
CFFEX,IF1210,2012-10-15,0,2308.6,2300,2324.8,2283,2302.4,2295.2,0,0,450914,3110131991400000,53499
CFFEX,IF1211,2012-10-15,0,2320.8,2310,2338,2296.8,2314.2,2308,0,0,48322,335205337800000,18226
CFFEX,IF1212,2012-10-15,0,2336.4,2331.2,2350.6,2311.8,2327.6,2322,0,0,11023,77009194800000,17043
CFFEX,IF1303,2012-10-15,0,2371.8,2370,2385.4,2351,2365.6,2361.2,0,0,1007,7147782600000,2335
CFFEX,IF1210,2012-10-16,0,2295.2,2305,2323,2290.2,2298.8,2300.2,0,0,540958,3742710338400000,45971
CFFEX,IF1211,2012-10-16,0,2308,2319.4,2333.2,2303.8,2311,2313,0,0,94277,655701118200000,25154
CFFEX,IF1212,2012-10-16,0,2322,2335.2,2347,2318.4,2325,2327.4,0,0,11224,78538908000000,17426
CFFEX,IF1303,2012-10-16,0,2361.2,2370,2385,2358.2,2367,2368.6,0,0,1324,9416076600000,2509
CFFEX,IF1210,2012-10-17,0,2300.2,2309.6,2319,2282.2,2309.4,2307,0,0,478407,3305085267000000,30442
CFFEX,IF1211,2012-10-17,0,2313,2316.6,2330.2,2296.4,2323,2320.4,0,0,218037,1515417366000000,40920
CFFEX,IF1212,2012-10-17,0,2327.4,2331.8,2343.6,2311.6,2336.4,2334.2,0,0,13934,97413433800000,17855
CFFEX,IF1303,2012-10-17,0,2368.6,2373.4,2384,2351,2375.8,2373.2,0,0,1069,7599597000000,2520
CFFEX,IF1210,2012-10-18,0,2307,2318,2344.2,2310.8,2332.6,2336.8,0,0,172721,1205222856600000,11131
CFFEX,IF1211,2012-10-18,0,2320.4,2331,2360.8,2325,2350.6,2352.6,0,0,503270,3538398836400000,65724
CFFEX,IF1212,2012-10-18,0,2334.2,2338.6,2375,2338.6,2364.4,2366.4,0,0,16711,118136788200000,19246
CFFEX,IF1303,2012-10-18,0,2373.2,2380.2,2411,2378.4,2405.2,2406,0,0,1227,8815936200000,2697
CFFEX,IF1210,2012-10-19,0,2336.8,2337,2338.4,2328,2333.8,2334.29,0,0,26198,183458556000000,0
CFFEX,IF1211,2012-10-19,0,2352.6,2350,2355.8,2342.8,2346.8,2347,0,0,308183,2172245177400000,67895
CFFEX,IF1212,2012-10-19,0,2366.4,2361.2,2368.8,2357.2,2360.2,2360.6,0,0,9347,66265408200000,19482
CFFEX,IF1303,2012-10-19,0,2406,2404,2409,2398.4,2400.4,2400.4,0,0,1291,9307643400000,2941
CFFEX,IF1211,2012-10-22,0,2347,2334.8,2365,2328.2,2351,2355.2,0,0,419077,2946754030800000,71057
CFFEX,IF1212,2012-10-22,0,2360.6,2349.8,2377.8,2342.4,2365.2,2369.2,0,0,14612,103325044800000,20074
CFFEX,IF1303,2012-10-22,0,2400.4,2388,2417.8,2382,2405,2409.6,0,0,1372,9864186600000,3181
CFFEX,IF1306,2012-10-22,0,2400.4,2415.2,2447,2412,2437.4,2438.4,0,0,474,3447582000000,228
CFFEX,IF1211,2012-10-23,0,2355.2,2355,2357.8,2323.2,2324.4,2328.8,0,0,451252,3167533984800000,71278
CFFEX,IF1212,2012-10-23,0,2369.2,2369,2371.8,2336.8,2338,2342,0,0,16907,119333442000000,19623
CFFEX,IF1303,2012-10-23,0,2409.6,2409.8,2412.4,2378,2379,2383.8,0,0,1563,11233275600000,3307
CFFEX,IF1306,2012-10-23,0,2438.4,2438.4,2441.6,2407,2409.4,2413.4,0,0,427,3103042200000,418
CFFEX,IF1211,2012-10-24,0,2328.8,2318,2337.8,2315.4,2322,2322.6,0,0,454605,3172538267400000,70100
CFFEX,IF1212,2012-10-24,0,2342,2332,2350.4,2329.6,2336,2336,0,0,14426,101234860200000,19703
CFFEX,IF1303,2012-10-24,0,2383.8,2370.2,2390,2370.2,2377,2377.4,0,0,1062,7579816800000,3276
CFFEX,IF1306,2012-10-24,0,2413.4,2402,2417.2,2399.6,2405.4,2404.6,0,0,345,2490018600000,531
CFFEX,IF1211,2012-10-25,0,2322.6,2322,2334.4,2304,2307.4,2307.8,0,0,454627,3160650684000000,74691
CFFEX,IF1212,2012-10-25,0,2336,2337.8,2348,2317.8,2320.8,2321.4,0,0,14863,103960656000000,20342
CFFEX,IF1303,2012-10-25,0,2377.4,2381,2386.6,2357.2,2361.8,2360.6,0,0,1150,8179023000000,3216
CFFEX,IF1306,2012-10-25,0,2404.6,2405.2,2414.4,2385.2,2387.8,2389,0,0,361,2596782000000,620
CFFEX,IF1211,2012-10-26,0,2307.8,2305.8,2309.4,2245.4,2252,2256.2,0,0,511301,3481526977200000,71913
CFFEX,IF1212,2012-10-26,0,2321.4,2320,2322.6,2259.4,2264.8,2269.4,0,0,18491,126770628600000,20357
CFFEX,IF1303,2012-10-26,0,2360.6,2361.4,2362.6,2300.4,2305.4,2310.2,0,0,1654,11549542200000,3266
CFFEX,IF1306,2012-10-26,0,2389,2389,2390.6,2330.4,2334.8,2339,0,0,342,2414170800000,654
CFFEX,IF1211,2012-10-29,0,2256.2,2250,2255.8,2233.4,2244,2239.6,0,0,335842,2262412738200000,70298
CFFEX,IF1212,2012-10-29,0,2269.4,2265,2268.8,2247.2,2257,2253,0,0,11931,80857540800000,20727
CFFEX,IF1303,2012-10-29,0,2310.2,2305,2309.6,2288.4,2297,2293.6,0,0,1096,7560775800000,3451
CFFEX,IF1306,2012-10-29,0,2339,2334.8,2337.8,2318.4,2326,2323.2,0,0,130,908413800000,645
CFFEX,IF1211,2012-10-31,0,2243.2,2252,2261,2238.4,2255.2,2254.6,0,0,484962,3273229348200000,68321
CFFEX,IF1212,2012-10-31,0,2257,2261.4,2273.4,2252.4,2268.2,2267.6,0,0,16430,111552092400000,21034
CFFEX,IF1303,2012-10-31,0,2295.2,2297.8,2307.6,2289.8,2301.6,2302,0,0,1700,11727396000000,3968
CFFEX,IF1306,2012-10-31,0,2324.6,2329,2336.6,2320.4,2329.8,2329.8,0,0,198,1383151800000,693
CFFEX,IF1211,2012-11-01,0,2254.6,2257.4,2318.2,2255.4,2306.2,2306.4,0,0,588816,4053778062000000,69598
CFFEX,IF1212,2012-11-01,0,2267.6,2270.2,2330.2,2269,2319,2319.6,0,0,29299,202824743400000,21682
CFFEX,IF1303,2012-11-01,0,2302,2305.6,2361,2302.8,2351,2352.4,0,0,2598,18204552000000,4051
CFFEX,IF1306,2012-11-01,0,2329.8,2333.2,2390.8,2331.4,2382.8,2383.8,0,0,645,4589953200000,811
CFFEX,IF1211,2012-11-02,0,2306.4,2311.2,2316,2289.2,2307.2,2310.8,0,0,442903,3062832234000000,67071
CFFEX,IF1212,2012-11-02,0,2319.6,2322.8,2328.6,2302.8,2320,2324,0,0,21286,148062257400000,21888
CFFEX,IF1303,2012-11-02,0,2352.4,2356.2,2365.4,2340.2,2357.6,2361.4,0,0,2169,15324166800000,4227
CFFEX,IF1306,2012-11-02,0,2383.8,2387.6,2399,2371.4,2392.2,2394.4,0,0,570,4081668000000,862
CFFEX,IF1211,2012-11-05,0,2310.8,2305.4,2330,2293,2307,2306.2,0,0,500112,3460621716000000,63900
CFFEX,IF1212,2012-11-05,0,2324,2315,2342.8,2306.6,2319.2,2318.6,0,0,26317,183199503000000,23105
CFFEX,IF1303,2012-11-05,0,2361.4,2363,2378.6,2345,2352.8,2353.6,0,0,2293,16213203000000,4150
CFFEX,IF1306,2012-11-05,0,2394.4,2394.4,2411.4,2376,2384,2382.8,0,0,642,4600042800000,921
CFFEX,IF1211,2012-11-06,0,2306.2,2309,2314.6,2261.2,2290.8,2290.2,0,0,557390,3819545302800000,64415
CFFEX,IF1212,2012-11-06,0,2318.6,2324,2326.8,2274.2,2303.4,2302.2,0,0,36496,251421826800000,25443
CFFEX,IF1303,2012-11-06,0,2353.6,2361.2,2361.2,2308.4,2338.4,2337.6,0,0,1836,12840662400000,4146
CFFEX,IF1306,2012-11-06,0,2382.8,2387.2,2390.6,2338.6,2368.2,2366,0,0,455,3221470800000,957
CFFEX,IF1211,2012-11-07,0,2290.2,2296.8,2310,2279,2292,2291.4,0,0,592125,4071424585800000,65271
CFFEX,IF1212,2012-11-07,0,2302.2,2307.6,2321.2,2292.2,2303.6,2303.6,0,0,40489,279935076000000,26164
CFFEX,IF1303,2012-11-07,0,2337.6,2337.4,2355.4,2326.8,2335.6,2337.4,0,0,2239,15705621600000,4250
CFFEX,IF1306,2012-11-07,0,2366,2370.6,2382.6,2357,2365.4,2365.6,0,0,522,3706267200000,978
CFFEX,IF1211,2012-11-08,0,2291.4,2275,2282.8,2243.8,2245,2255,0,0,531773,3615492805800000,64231
CFFEX,IF1212,2012-11-08,0,2303.6,2290.6,2293.6,2255.2,2255.6,2266.4,0,0,42327,289335436200000,27614
CFFEX,IF1303,2012-11-08,0,2337.4,2324.8,2326,2289,2289,2298.2,0,0,1924,13338877200000,4284
CFFEX,IF1306,2012-11-08,0,2365.6,2348.8,2352.8,2317.8,2318,2330.8,0,0,422,2961823800000,984
CFFEX,IF1211,2012-11-09,0,2255,2247.6,2254.6,2236.2,2244.6,2241.8,0,0,397937,2680508200200000,60405
CFFEX,IF1212,2012-11-09,0,2266.4,2253.6,2265.8,2248,2255,2253,0,0,33270,225237754800000,30043
CFFEX,IF1303,2012-11-09,0,2298.2,2279.6,2299,2279.6,2287.6,2287.2,0,0,938,6447124200000,4299
CFFEX,IF1306,2012-11-09,0,2330.8,2320,2329,2311.8,2318.4,2317,0,0,324,2256558600000,1024
CFFEX,IF1211,2012-11-12,0,2241.8,2245,2257.4,2231,2249,2247.8,0,0,476242,3209134110600000,56822
CFFEX,IF1212,2012-11-12,0,2253,2254.8,2265,2240.4,2257.2,2255.8,0,0,63841,431815328400000,34291
CFFEX,IF1303,2012-11-12,0,2287.2,2286,2299.6,2275.2,2289,2289.8,0,0,2009,13792951200000,4407
CFFEX,IF1306,2012-11-12,0,2317,2319.6,2328.4,2304.6,2321.6,2317.8,0,0,310,2155614600000,1014
CFFEX,IF1211,2012-11-13,0,2247.8,2250,2251,2207.2,2214.4,2213.2,0,0,448451,2989514211600000,48754
CFFEX,IF1212,2012-11-13,0,2255.8,2258,2259,2217.4,2222,2222,0,0,92866,621670961400000,40446
CFFEX,IF1303,2012-11-13,0,2289.8,2282,2292.4,2253,2255.6,2257.2,0,0,2454,16687215000000,4883
CFFEX,IF1306,2012-11-13,0,2317.8,2320.2,2321,2281.2,2283.2,2284.8,0,0,496,3417118200000,1086
CFFEX,IF1211,2012-11-14,0,2213.2,2215.2,2224.2,2210.4,2217.4,2219.4,0,0,279330,1857120114000000,38722
CFFEX,IF1212,2012-11-14,0,2222,2224,2232,2218.6,2226.4,2227.6,0,0,136941,913975031400000,48830
CFFEX,IF1303,2012-11-14,0,2257.2,2255.6,2265.6,2252.6,2260.8,2261.6,0,0,1357,9197125200000,5101
CFFEX,IF1306,2012-11-14,0,2284.8,2287,2295.2,2281.8,2288,2290.2,0,0,249,1708314000000,1091
CFFEX,IF1211,2012-11-15,0,2219.4,2206,2223.6,2189.2,2192.8,2198.4,0,0,163119,1081151019000000,20032
CFFEX,IF1212,2012-11-15,0,2227.6,2221.4,2232,2196.4,2200.2,2206.2,0,0,496173,3300416617200000,64051
CFFEX,IF1303,2012-11-15,0,2261.6,2255.2,2265,2231.8,2234.8,2240.2,0,0,3606,24343864200000,6208
CFFEX,IF1306,2012-11-15,0,2290.2,2278.6,2293,2260,2260,2269,0,0,433,2957826000000,1118
CFFEX,IF1211,2012-11-16,0,2198.4,2188.4,2194,2166,2169.4,2169.39,0,0,57861,378147883800000,0
CFFEX,IF1212,2012-11-16,0,2206.2,2199.8,2201.2,2168.6,2183.8,2176,0,0,504519,3301507650000000,77084
CFFEX,IF1303,2012-11-16,0,2240.2,2234.8,2235.8,2204,2218.6,2211.2,0,0,4322,28746930000000,7202
CFFEX,IF1306,2012-11-16,0,2269,2261,2263,2232.6,2247,2237,0,0,952,6402124800000,1416
CFFEX,IF1212,2012-11-19,0,2176,2183.4,2184.4,2156.2,2176.2,2174.8,0,0,499293,3253374463800000,77645
CFFEX,IF1301,2012-11-19,0,2176,2189,2194.8,2166,2185.2,2182.2,0,0,5908,38657917200000,1589
CFFEX,IF1303,2012-11-19,0,2211.2,2218.4,2218.6,2191,2207.8,2207.8,0,0,3737,24733987800000,7774
CFFEX,IF1306,2012-11-19,0,2237,2246.6,2246.6,2218.2,2234.4,2234.2,0,0,722,4838836800000,1494
CFFEX,IF1212,2012-11-20,0,2174.8,2182,2188.4,2166.2,2181,2171.2,0,0,473298,3090068061000000,76817
CFFEX,IF1301,2012-11-20,0,2182.2,2186.8,2197,2175.4,2189.4,2180.6,0,0,4656,30534245400000,1997
CFFEX,IF1303,2012-11-20,0,2207.8,2214,2219.8,2198,2208.8,2202,0,0,3273,21685394400000,7946
CFFEX,IF1306,2012-11-20,0,2234.2,2247.2,2247.2,2224.8,2236.6,2228.8,0,0,572,3835581000000,1599
CFFEX,IF1212,2012-11-21,0,2171.2,2177,2201,2158.2,2192.4,2191.8,0,0,718404,4699939430400000,78277
CFFEX,IF1301,2012-11-21,0,2180.6,2187,2209,2167.6,2200.8,2201.8,0,0,9973,65531632200000,2821
CFFEX,IF1303,2012-11-21,0,2202,2208.8,2228.4,2190,2220.4,2220.4,0,0,4657,30898957800000,7877
CFFEX,IF1306,2012-11-21,0,2228.8,2235,2255,2215.8,2245.6,2247.2,0,0,798,5354583000000,1660
CFFEX,IF1212,2012-11-22,0,2191.8,2190.2,2191,2172.2,2187.6,2182.8,0,0,524239,3432891634800000,76933
CFFEX,IF1301,2012-11-22,0,2201.8,2200.2,2200.2,2181.4,2196,2192,0,0,7852,51624949200000,2892
CFFEX,IF1303,2012-11-22,0,2220.4,2215.6,2218.6,2202,2214.4,2212.6,0,0,2920,19376898600000,7893
CFFEX,IF1306,2012-11-22,0,2247.2,2241.8,2243.2,2228.2,2239.8,2237,0,0,489,3281248200000,1699
CFFEX,IF1212,2012-11-23,0,2182.8,2193,2209.6,2185.2,2194.4,2197.6,0,0,622046,4101943058400000,75899
CFFEX,IF1301,2012-11-23,0,2192,2197.2,2217.6,2194.6,2203,2206.4,0,0,10142,67128204000000,3247
CFFEX,IF1303,2012-11-23,0,2212.6,2217.6,2237.8,2215.4,2223.4,2225.2,0,0,4328,28901418600000,7933
CFFEX,IF1306,2012-11-23,0,2237,2241.2,2262.4,2238.6,2249.2,2249.6,0,0,509,3436721400000,1727
CFFEX,IF1212,2012-11-26,0,2197.6,2197.2,2197.6,2173.8,2180.2,2180.8,0,0,475868,3117670449000000,75362
CFFEX,IF1301,2012-11-26,0,2206.4,2208,2208,2182.6,2188.8,2189.6,0,0,7560,49735830600000,3814
CFFEX,IF1303,2012-11-26,0,2225.2,2224.8,2224.8,2203.6,2208.6,2208.8,0,0,2508,16645413000000,7950
CFFEX,IF1306,2012-11-26,0,2249.6,2249.6,2249.6,2228,2234,2233.6,0,0,442,2965302000000,1794
CFFEX,IF1212,2012-11-27,0,2180.8,2177.2,2177.6,2156.6,2158,2161.4,0,0,439195,2855693734200000,79262
CFFEX,IF1301,2012-11-27,0,2189.6,2181,2185.6,2165.4,2166,2169.4,0,0,7525,49109895600000,4570
CFFEX,IF1303,2012-11-27,0,2208.8,2205.4,2205.4,2185.6,2185.8,2190.4,0,0,2746,18092502600000,8277
CFFEX,IF1306,2012-11-27,0,2233.6,2228.2,2228.4,2208.6,2210,2212.6,0,0,370,2463693000000,1850
CFFEX,IF1212,2012-11-28,0,2161.4,2154,2154,2137,2141.8,2140.2,0,0,388935,2500499587200000,83149
CFFEX,IF1301,2012-11-28,0,2169.4,2163.8,2163.8,2145.6,2150,2148.4,0,0,7111,45905701800000,5579
CFFEX,IF1303,2012-11-28,0,2190.4,2186.2,2186.2,2165.8,2170.4,2168.6,0,0,2608,17003055000000,8571
CFFEX,IF1306,2012-11-28,0,2212.6,2207,2207,2188.2,2192.4,2190.4,0,0,406,2673510600000,1975
CFFEX,IF1212,2012-11-29,0,2140.2,2140.4,2149.8,2125.4,2125.6,2132.6,0,0,384646,2470311929400000,84358
CFFEX,IF1301,2012-11-29,0,2148.4,2149.2,2158,2133.2,2133.6,2141,0,0,7198,46380898200000,7009
CFFEX,IF1303,2012-11-29,0,2168.6,2170.4,2177.8,2154.4,2155,2161,0,0,2865,18642202200000,8760
CFFEX,IF1306,2012-11-29,0,2190.4,2191.8,2200.2,2176.2,2176.2,2183.6,0,0,387,2544030000000,2076
CFFEX,IF1212,2012-11-30,0,2132.6,2123.8,2147.8,2121,2138.4,2140.2,0,0,580780,3721177213200000,79377
CFFEX,IF1301,2012-11-30,0,2141,2133,2154.8,2129.4,2146.4,2147.8,0,0,12146,78085433400000,7300
CFFEX,IF1303,2012-11-30,0,2161,2155,2176.4,2150.8,2164.8,2167.2,0,0,4124,26773168800000,8998
CFFEX,IF1306,2012-11-30,0,2183.6,2170.4,2198.2,2170.4,2188.4,2191.2,0,0,522,3423353400000,2110
CFFEX,IF1212,2012-12-03,0,2140.2,2139.6,2156.2,2115.6,2117.4,2124.6,0,0,565400,3625349295600000,83698
CFFEX,IF1301,2012-12-03,0,2147.8,2147.2,2163.4,2123,2124.6,2131.8,0,0,14562,93691325400000,8194
CFFEX,IF1303,2012-12-03,0,2167.2,2166.8,2183.8,2144.4,2145.4,2153,0,0,4252,27626715000000,9400
CFFEX,IF1306,2012-12-03,0,2191.2,2195,2206.6,2171,2171.8,2181.8,0,0,947,6218506200000,2359
CFFEX,IF1212,2012-12-04,0,2124.6,2112,2139.4,2111.8,2131.4,2132.4,0,0,577421,3676913829600000,83873
CFFEX,IF1301,2012-12-04,0,2131.8,2120.8,2146,2119.2,2137.8,2139.6,0,0,15808,101002588800000,9416
CFFEX,IF1303,2012-12-04,0,2153,2143.2,2165.8,2140.6,2158.2,2159.8,0,0,3847,24804070200000,9464
CFFEX,IF1306,2012-12-04,0,2181.8,2170,2192,2167.6,2183.8,2187.2,0,0,1499,9788029800000,2733
CFFEX,IF1212,2012-12-05,0,2132.4,2133.6,2226,2131.4,2215.8,2210.4,0,0,814910,5356152478800000,75595
CFFEX,IF1301,2012-12-05,0,2139.6,2142.2,2232,2138.8,2222.8,2217.4,0,0,31889,210297985800000,10760
CFFEX,IF1303,2012-12-05,0,2159.8,2160.8,2250.6,2158.4,2241.4,2235.8,0,0,7937,52717738800000,9405
CFFEX,IF1306,2012-12-05,0,2187.2,2181.2,2275,2181.2,2266,2260,0,0,2181,14680004400000,2720
CFFEX,IF1212,2012-12-06,0,2210.4,2218,2222.2,2200.2,2204.4,2207.2,0,0,536211,3554659151400000,72093
CFFEX,IF1301,2012-12-06,0,2217.4,2221,2229,2208.6,2212.4,2214.8,0,0,19711,131152198800000,11921
CFFEX,IF1303,2012-12-06,0,2235.8,2242.2,2247.8,2226.6,2228.4,2231.8,0,0,3885,26057008800000,9424
CFFEX,IF1306,2012-12-06,0,2260,2274.8,2274.8,2249.2,2249.2,2253.6,0,0,1012,6854752200000,2731
CFFEX,IF1212,2012-12-07,0,2207.2,2208.6,2258.8,2205.6,2254.8,2246.8,0,0,763753,5116660789800000,65959
CFFEX,IF1301,2012-12-07,0,2214.8,2215.4,2267,2214,2263.4,2255.6,0,0,37848,254495596200000,13452
CFFEX,IF1303,2012-12-07,0,2231.8,2228,2282,2228,2277.4,2271.6,0,0,7094,48047820000000,9315
CFFEX,IF1306,2012-12-07,0,2253.6,2255.8,2300.6,2251.6,2299,2290.6,0,0,1685,11523296400000,2767
CFFEX,IF1212,2012-12-10,0,2246.8,2262,2277,2255.8,2268.4,2269,0,0,634588,4312471302000000,63877
CFFEX,IF1301,2012-12-10,0,2255.6,2270,2285.8,2265.2,2278,2278.2,0,0,43928,299772843600000,17421
CFFEX,IF1303,2012-12-10,0,2271.6,2281.2,2302.4,2281.2,2296.6,2296.4,0,0,5437,37374468600000,9491
CFFEX,IF1306,2012-12-10,0,2290.6,2297.8,2323.4,2297.8,2318,2317.6,0,0,1319,9151929000000,2757
CFFEX,IF1212,2012-12-11,0,2269,2267,2272.6,2257.2,2261.4,2264.6,0,0,498505,3384973270200000,59073
CFFEX,IF1301,2012-12-11,0,2278.2,2274,2281.4,2267.2,2270.8,2274.6,0,0,37274,254202880200000,19323
CFFEX,IF1303,2012-12-11,0,2296.4,2295,2300.2,2286,2289.2,2293,0,0,3751,25794525000000,9576
CFFEX,IF1306,2012-12-11,0,2317.6,2317.6,2323,2307,2312.2,2315.8,0,0,898,6234286200000,2887
CFFEX,IF1212,2012-12-12,0,2264.6,2264,2275.6,2255,2268.4,2266.2,0,0,594351,4036940720400000,59049
CFFEX,IF1301,2012-12-12,0,2274.6,2268.8,2284.6,2265.2,2278,2275.8,0,0,53844,367293868200000,21874
CFFEX,IF1303,2012-12-12,0,2293,2289.2,2304.4,2285,2297,2295.2,0,0,4593,31604701800000,10125
CFFEX,IF1306,2012-12-12,0,2315.8,2311.6,2325.2,2307.8,2318.6,2318.2,0,0,860,5975089800000,2958
CFFEX,IF1212,2012-12-13,0,2266.2,2268,2268.6,2247,2252.6,2251.8,0,0,538086,3641676004800000,52392
CFFEX,IF1301,2012-12-13,0,2275.8,2276.2,2277.4,2257.4,2262.2,2261.2,0,0,62131,422239739400000,25489
CFFEX,IF1303,2012-12-13,0,2295.2,2292.2,2297,2277,2282.2,2281.2,0,0,4295,29442422400000,10441
CFFEX,IF1306,2012-12-13,0,2318.2,2318,2318.2,2300.4,2304.2,2303.8,0,0,1061,7345915800000,3045
CFFEX,IF1212,2012-12-14,0,2251.8,2253,2375.6,2251.4,2374.2,2361.2,0,0,823839,5728039540800000,49950
CFFEX,IF1301,2012-12-14,0,2261.2,2263.6,2386.2,2261,2385.8,2371.4,0,0,155196,1084206265800000,35446
CFFEX,IF1303,2012-12-14,0,2281.2,2282,2406,2281.2,2405,2390.4,0,0,10593,74583202800000,10346
CFFEX,IF1306,2012-12-14,0,2303.8,2306,2427,2304.2,2425.6,2411.2,0,0,2742,19503073200000,3111
CFFEX,IF1212,2012-12-17,0,2361.2,2372.8,2379,2362,2373,2368.8,0,0,436666,3104957414400000,32689
CFFEX,IF1301,2012-12-17,0,2371.4,2387.2,2391.2,2377,2387.6,2383,0,0,158008,1130090823000000,50957
CFFEX,IF1303,2012-12-17,0,2390.4,2404.8,2416.2,2398.8,2415,2410,0,0,9078,65615750400000,12277
CFFEX,IF1306,2012-12-17,0,2411.2,2430,2440,2419.2,2436.8,2433.4,0,0,2155,15721857600000,3533
CFFEX,IF1212,2012-12-18,0,2368.8,2373,2410,2347.4,2366,2367,0,0,357599,2546839960200000,18991
CFFEX,IF1301,2012-12-18,0,2383,2388.6,2424,2361.2,2380.2,2382.2,0,0,600606,4305298570800000,61850
CFFEX,IF1303,2012-12-18,0,2410,2413.2,2451,2390.2,2409.2,2410.6,0,0,13024,94441800000000,13165
CFFEX,IF1306,2012-12-18,0,2433.4,2439,2476.6,2414,2432.2,2435.8,0,0,2501,18328027200000,3786
CFFEX,IF1212,2012-12-19,0,2367,2375,2385.4,2359.4,2369.6,2374,0,0,116981,831557263200000,12411
CFFEX,IF1301,2012-12-19,0,2382.2,2372,2404,2372,2383.6,2389.8,0,0,601248,4301893830600000,69188
CFFEX,IF1303,2012-12-19,0,2410.6,2409,2430,2402.6,2413,2417.8,0,0,8050,58288099800000,14310
CFFEX,IF1306,2012-12-19,0,2435.8,2430.4,2454.2,2427.4,2438.6,2443,0,0,2090,15280380000000,3817
CFFEX,IF1212,2012-12-20,0,2374,2362.6,2397.8,2351.2,2390.8,2387,0,0,67753,481651866600000,6298
CFFEX,IF1301,2012-12-20,0,2389.8,2375,2417.2,2363,2408.2,2404.2,0,0,703775,5036119587600000,80595
CFFEX,IF1303,2012-12-20,0,2417.8,2402.8,2445,2392.6,2440,2433.2,0,0,11923,86455290600000,16352
CFFEX,IF1306,2012-12-20,0,2443,2435,2469.8,2418,2464,2459,0,0,2633,19292994600000,4102
CFFEX,IF1212,2012-12-21,0,2387,2390.2,2414.6,2370.6,2378,2377.75,0,0,34099,244301769600000,0
CFFEX,IF1301,2012-12-21,0,2404.2,2415,2436.6,2380.2,2392.2,2390,0,0,835617,6020524561200000,76346
CFFEX,IF1303,2012-12-21,0,2433.2,2440.2,2466,2410,2422,2418.4,0,0,17948,130975190400000,16472
CFFEX,IF1306,2012-12-21,0,2459,2471.2,2491,2437.2,2446,2444.8,0,0,3193,23563690800000,4542
CFFEX,IF1301,2012-12-24,0,2390,2389,2417.6,2388,2390.8,2395.2,0,0,677618,4878556483200000,81648
CFFEX,IF1302,2012-12-24,0,2390,2395.8,2429.6,2395.8,2402.2,2406.4,0,0,7107,51453830400000,1635
CFFEX,IF1303,2012-12-24,0,2418.4,2416.2,2445,2415.4,2418,2423,0,0,11128,81106273200000,16683
CFFEX,IF1306,2012-12-24,0,2444.8,2445.4,2469.8,2442.6,2445,2449,0,0,1706,12557535600000,4595
CFFEX,IF1301,2012-12-25,0,2395.2,2386.4,2478.8,2381.4,2453,2465.4,0,0,871318,6377941477800000,83728
CFFEX,IF1302,2012-12-25,0,2406.4,2401.4,2490,2393.4,2465,2477,0,0,9142,67221297000000,1958
CFFEX,IF1303,2012-12-25,0,2423,2412,2503.2,2409.2,2480.8,2491.2,0,0,18035,133472652000000,15792
CFFEX,IF1306,2012-12-25,0,2449,2445.6,2527,2435,2508,2518.6,0,0,4131,30945802200000,4339
CFFEX,IF1301,2012-12-26,0,2465.4,2453.6,2466.2,2453.2,2461.8,2462.2,0,0,418392,3088789767000000,80660
CFFEX,IF1302,2012-12-26,0,2477,2469.8,2477.6,2466.2,2472.6,2474,0,0,3535,26218843200000,2193
CFFEX,IF1303,2012-12-26,0,2491.2,2481,2494,2481,2489,2489.6,0,0,5935,44306097600000,16176
CFFEX,IF1306,2012-12-26,0,2518.6,2510.8,2520.8,2507,2512.8,2513.2,0,0,1538,11601556200000,4668
CFFEX,IF1301,2012-12-27,0,2462.2,2472,2497,2453.6,2466.6,2461.2,0,0,613278,4541424752400000,80503
CFFEX,IF1302,2012-12-27,0,2474,2478.8,2508.4,2467.6,2479.4,2473.4,0,0,8681,64689592200000,2700
CFFEX,IF1303,2012-12-27,0,2489.6,2498.6,2523.8,2483.6,2495,2490.2,0,0,11966,89676255000000,17181
CFFEX,IF1306,2012-12-27,0,2513.2,2516.8,2550,2509.6,2520.4,2515.4,0,0,2188,16575065400000,4738
CFFEX,IF1301,2012-12-28,0,2461.2,2465.8,2502,2462.8,2499,2491.4,0,0,662844,4930778466000000,83214
CFFEX,IF1302,2012-12-28,0,2473.4,2478.4,2515.2,2477,2514.2,2505.4,0,0,6696,50056020600000,2619
CFFEX,IF1303,2012-12-28,0,2490.2,2494.8,2528.6,2492.6,2526.4,2520,0,0,13012,97950752400000,17037
CFFEX,IF1306,2012-12-28,0,2515.4,2524.4,2554.6,2516.6,2553.4,2544.8,0,0,1598,12149489400000,4669
CFFEX,IF1301,2012-12-31,0,2491.4,2501.6,2544,2501,2538,2537.4,0,0,601829,4561420767000000,84272
CFFEX,IF1302,2012-12-31,0,2505.4,2514.2,2557,2514.2,2552,2551.2,0,0,9131,69562647600000,3350
CFFEX,IF1303,2012-12-31,0,2520,2528.2,2570.4,2528.2,2567,2565.8,0,0,15126,115844095800000,17925
CFFEX,IF1306,2012-12-31,0,2544.8,2553,2592.4,2553,2589.6,2588.2,0,0,2925,22621702200000,4839
CFFEX,IF1211,2012-10-30,0,2239.6,2245,2269.8,2237,2245.4,2243.2,0,0,484871,3268951353000000,70216
CFFEX,IF1212,2012-10-30,0,2253,2258,2281.6,2250.8,2259.2,2257,0,0,14904,101117373000000,20747
CFFEX,IF1303,2012-10-30,0,2293.6,2299,2321.4,2291,2296.2,2295.2,0,0,1536,10604191800000,3649
CFFEX,IF1306,2012-10-30,0,2323.2,2329,2349.4,2322,2325.8,2324.6,0,0,166,1161270000000,661
